,Symbol,Company,Owner,Relationship,Date,Cost,# Shares,Value($),Total Shares,Filing,Type
1,TMC,TMC the metals Co Inc.,Barron Gerard,Chief Executive Officer,"Jun 29, 2022",$1.01,25000,25250,15316809,"Jun 29, 2022, 09:56 PM",buy
2,LAZY,"Lazydays Holdings, Inc.","B. Riley Financial, Inc.",10% Owner,"Jun 27, 2022",$12.33,12990,160128,164909,"Jun 29, 2022, 09:30 PM",buy
3,LAZY,"Lazydays Holdings, Inc.","B. Riley Financial, Inc.",10% Owner,"Jun 29, 2022",$11.83,36333,429747,239909,"Jun 29, 2022, 09:30 PM",buy
4,LAZY,"Lazydays Holdings, Inc.","B. Riley Financial, Inc.",10% Owner,"Jun 28, 2022",$12.16,38667,470249,203576,"Jun 29, 2022, 09:30 PM",buy
5,MDV,MODIV INC.,NOLAN THOMAS H JR,Director,"Jun 27, 2022",$15.97,61,974,10327,"Jun 29, 2022, 09:11 PM",buy
6,MDV,MODIV INC.,SMITH KIMBERLY J,Director,"Jun 27, 2022",$15.97,5,80,866,"Jun 29, 2022, 09:11 PM",buy
7,MDV,MODIV INC.,Halfacre Aaron Scott,CEO,"Jun 27, 2022",$15.99,83,1327,21047,"Jun 29, 2022, 09:11 PM",buy
8,MDV,MODIV INC.,Halfacre Aaron Scott,CEO,"Jun 28, 2022",$17.87,42,751,21089,"Jun 29, 2022, 09:11 PM",buy
9,MDV,MODIV INC.,McWilliams Curtis B,Director,"Jun 27, 2022",$15.97,65,1038,10939,"Jun 29, 2022, 09:10 PM",buy
10,MDV,MODIV INC.,Tirondola Connie,Director,"Jun 27, 2022",$15.97,5,80,866,"Jun 29, 2022, 09:10 PM",buy
11,MDV,MODIV INC.,Ishaq Asma,Director,"Jun 27, 2022",$15.97,5,80,866,"Jun 29, 2022, 09:09 PM",buy
12,MDV,MODIV INC.,MARKMAN ADAM SCOTT,Director,"Jun 27, 2022",$15.97,63,1006,10590,"Jun 29, 2022, 09:09 PM",buy
13,MYPS,"PLAYSTUDIOS, Inc.",PASCAL ANDREW S,Chairman and CEO,"Jun 27, 2022",$4.56,13500,61601,406300,"Jun 29, 2022, 09:04 PM",buy
14,CPSS,"CONSUMER PORTFOLIO SERVICES, INC.","BLACK DIAMOND CAPITAL MANAGEMENT, L.L.C.",10% Owner,"Jun 27, 2022",$10.51,25477,267814,5068875,"Jun 29, 2022, 08:32 PM",buy
15,CPSS,"CONSUMER PORTFOLIO SERVICES, INC.","BLACK DIAMOND CAPITAL MANAGEMENT, L.L.C.",10% Owner,"Jun 29, 2022",$10.33,40062,413840,5121853,"Jun 29, 2022, 08:32 PM",buy
16,CPSS,"CONSUMER PORTFOLIO SERVICES, INC.","BLACK DIAMOND CAPITAL MANAGEMENT, L.L.C.",10% Owner,"Jun 28, 2022",$10.52,12916,135825,5081791,"Jun 29, 2022, 08:32 PM",buy
17,CXDO,"Crexendo, Inc.",MIHAYLO STEVEN G,Chief Executive Officer,"Jun 28, 2022",$3.00,10000,29952,11188256,"Jun 29, 2022, 08:29 PM",buy
18,SBIG,"SpringBig Holdings, Inc.","TCAC Sponsor, LLC",10% Owner,"Jun 14, 2022",$10.00,600000,6000000,600000,"Jun 29, 2022, 07:59 PM",buy
19,QRHC,Quest Resource Holding Corp,FRIEDBERG DANIEL M.,Director,"Jun 28, 2022",$3.96,900,3560,2796646,"Jun 29, 2022, 07:57 PM",buy
20,QRHC,Quest Resource Holding Corp,FRIEDBERG DANIEL M.,Director,"Jun 27, 2022",$3.95,956,3776,2795746,"Jun 29, 2022, 07:57 PM",buy
21,PLCE,"Childrens Place, Inc.",BACHMAN JOHN E.,Director,"Jun 29, 2022",$38.50,1500,57750,20182,"Jun 29, 2022, 07:33 PM",buy
22,SFBC,"Sound Financial Bancorp, Inc.",STILWELL JOSEPH,10% Owner,"Jun 28, 2022",$36.03,23100,832251,128467,"Jun 29, 2022, 06:23 PM",buy
23,SFBC,"Sound Financial Bancorp, Inc.",STILWELL JOSEPH,10% Owner,"Jun 27, 2022",$36.00,436,15696,18015,"Jun 29, 2022, 06:23 PM",buy
24,TELA,"TELA Bio, Inc.","EW HEALTHCARE PARTNERS FUND 2, L.P.",See footnote 2,"Jun 28, 2022",$7.10,10000,70950,3560709,"Jun 29, 2022, 06:13 PM",buy
25,TELA,"TELA Bio, Inc.","EW HEALTHCARE PARTNERS FUND 2, L.P.",See footnote 2,"Jun 27, 2022",$7.22,5000,36100,3550709,"Jun 29, 2022, 06:13 PM",buy
26,RWLK,ReWalk Robotics Ltd.,Lind Global Fund II LP,10% Owner,"Jun 29, 2022",$0.94,30000,28200,4367079,"Jun 29, 2022, 05:15 PM",buy
27,RWLK,ReWalk Robotics Ltd.,Lind Global Fund II LP,10% Owner,"Jun 28, 2022",$0.96,6315,6062,4352079,"Jun 29, 2022, 05:15 PM",buy
28,SEAC,SEACHANGE INTERNATIONAL INC,SINGER KAREN,10% Owner,"Jun 29, 2022",$0.60,98262,58505,6875616,"Jun 29, 2022, 05:04 PM",buy
29,SEAC,SEACHANGE INTERNATIONAL INC,SINGER KAREN,10% Owner,"Jun 28, 2022",$0.59,9340,5512,6777354,"Jun 29, 2022, 05:04 PM",buy
30,SEAC,SEACHANGE INTERNATIONAL INC,SINGER KAREN,10% Owner,"Jun 27, 2022",$0.60,142398,85396,6768014,"Jun 29, 2022, 05:04 PM",buy
31,RKT,"Rocket Companies, Inc.",Rizik Matthew,Director,"Jun 28, 2022",$7.60,2800,21280,226302,"Jun 29, 2022, 04:55 PM",buy
32,RKT,"Rocket Companies, Inc.",Rizik Matthew,Director,"Jun 27, 2022",$7.73,2800,21644,223502,"Jun 29, 2022, 04:55 PM",buy
33,RKT,"Rocket Companies, Inc.",Rizik Matthew,Director,"Jun 29, 2022",$7.22,2900,20938,229202,"Jun 29, 2022, 04:55 PM",buy
34,RKT,"Rocket Companies, Inc.",Farner Jay,Chief Executive Officer,"Jun 27, 2022",$7.73,25800,199434,2878107,"Jun 29, 2022, 04:55 PM",buy
35,RKT,"Rocket Companies, Inc.",Farner Jay,Chief Executive Officer,"Jun 29, 2022",$7.22,27600,199272,2931907,"Jun 29, 2022, 04:55 PM",buy
36,RKT,"Rocket Companies, Inc.",Farner Jay,Chief Executive Officer,"Jun 28, 2022",$7.60,26200,199120,2904307,"Jun 29, 2022, 04:55 PM",buy
37,APLT,Applied Therapeutics Inc.,"ALEXANDRIA REAL ESTATE EQUITIES, INC.",10% Owner,"Jun 27, 2022",$1.00,3500000,3500000,4555077,"Jun 29, 2022, 04:37 PM",buy
38,CTBI,COMMUNITY TRUST BANCORP INC /KY/,BAIRD CHARLES J,Director,"Jun 29, 2022",$40.56,500,20279,2500,"Jun 29, 2022, 04:28 PM",buy
39,SCWX,SecureWorks Corp,Gagnon Neil,10% Owner,"Jun 27, 2022",$11.32,18274,206785,94276,"Jun 29, 2022, 04:10 PM",buy
40,SCWX,SecureWorks Corp,Gagnon Neil,10% Owner,"Jun 28, 2022",$11.07,25000,276822,359194,"Jun 29, 2022, 04:10 PM",buy
41,HQI,"HireQuest, Inc.",JACKSON EDWARD,Director,"Jun 24, 2022",$12.62,3000,37854,2595103,"Jun 29, 2022, 04:05 PM",buy
42,VINC,"Vincerx Pharma, Inc.",Izumi Raquel E.,See Remarks,"Jun 27, 2022",$1.41,40000,56312,40000,"Jun 29, 2022, 04:05 PM",buy
43,PHX,PHX MINERALS INC.,D'Amico Raphael,VP - CFO,"Jun 29, 2022",$3.02,3500,10584,366075,"Jun 29, 2022, 02:57 PM",buy
44,FBNC,FIRST BANCORP /NC/,PERRY DEXTER V,Director,"Jun 29, 2022",$34.78,973,33841,3485,"Jun 29, 2022, 02:01 PM",buy
45,CSBB,CSB BANCORP INC /OH,BAKER ROBERT K,Director,"Jun 29, 2022",$37.50,683,25613,14442,"Jun 29, 2022, 01:21 PM",buy
46,FDBC,FIDELITY D & D BANCORP INC,MCDONALD MICHAEL J,Vice Chairman,"Jun 29, 2022",$41.60,1000,41600,124721,"Jun 29, 2022, 12:24 PM",buy
47,RCG,"RENN Fund, Inc.",STAHL MURRAY,President and CEO,"Jun 28, 2022",$2.29,300,687,169000,"Jun 29, 2022, 12:13 PM",buy
48,RCG,"RENN Fund, Inc.",STAHL MURRAY,President and CEO,"Jun 28, 2022",$2.29,75,172,42217,"Jun 29, 2022, 12:13 PM",buy
49,RCG,"RENN Fund, Inc.",STAHL MURRAY,President and CEO,"Jun 28, 2022",$2.29,2,5,3366,"Jun 29, 2022, 12:13 PM",buy
50,RCG,"RENN Fund, Inc.",STAHL MURRAY,President and CEO,"Jun 28, 2022",$2.29,300,687,172408,"Jun 29, 2022, 12:13 PM",buy
51,TPL,Texas Pacific Land Corp,STAHL MURRAY,Director,"Jun 28, 2022",$1632.74,1,1633,43124,"Jun 29, 2022, 12:02 PM",buy
52,TPL,Texas Pacific Land Corp,STAHL MURRAY,Director,"Jun 28, 2022",$1632.74,3,4898,1738,"Jun 29, 2022, 12:02 PM",buy
53,TPL,Texas Pacific Land Corp,STAHL MURRAY,Director,"Jun 28, 2022",$1632.74,2,3265,1365,"Jun 29, 2022, 12:02 PM",buy
54,TPL,Texas Pacific Land Corp,STAHL MURRAY,Director,"Jun 28, 2022",$1632.74,1,1633,1526,"Jun 29, 2022, 12:02 PM",buy
55,TPL,Texas Pacific Land Corp,STAHL MURRAY,Director,"Jun 28, 2022",$1632.74,2,3265,1464,"Jun 29, 2022, 12:02 PM",buy
56,TPL,Texas Pacific Land Corp,STAHL MURRAY,Director,"Jun 28, 2022",$1632.74,13,21226,206522,"Jun 29, 2022, 12:02 PM",buy
57,GIM,TEMPLETON GLOBAL INCOME FUND,"Saba Capital Management, L.P.",10% Owner,"Jun 28, 2022",$4.38,600,2628,30209813,"Jun 29, 2022, 09:26 AM",buy
58,GIM,TEMPLETON GLOBAL INCOME FUND,"Saba Capital Management, L.P.",10% Owner,"Jun 27, 2022",$4.32,42642,184213,30209213,"Jun 29, 2022, 09:26 AM",buy
59,TURN,180 DEGREE CAPITAL CORP. /NY/,Wolfe Daniel B,President,"Jun 28, 2022",$6.12,1689,10337,203250,"Jun 29, 2022, 08:31 AM",buy
60,TURN,180 DEGREE CAPITAL CORP. /NY/,Bigelow Robert E III,"VP, Head of Fund Development","Jun 28, 2022",$6.10,650,3965,101960,"Jun 29, 2022, 08:23 AM",buy
61,VOXX,VOXX International Corp,Kahli Beat,Director,"Jun 28, 2022",$9.49,5000,47450,4595000,"Jun 29, 2022, 07:00 AM",buy
62,ALTG,ALTA EQUIPMENT GROUP INC.,"B. Riley Financial, Inc.",10% Owner,"Jun 24, 2022",$9.50,25851,245497,5907564,"Jun 28, 2022, 09:30 PM",buy
63,ALTG,ALTA EQUIPMENT GROUP INC.,"B. Riley Financial, Inc.",10% Owner,"Jun 28, 2022",$9.50,3227,30657,5917565,"Jun 28, 2022, 09:30 PM",buy
64,ALTG,ALTA EQUIPMENT GROUP INC.,"B. Riley Financial, Inc.",10% Owner,"Jun 27, 2022",$9.50,6774,64353,5914338,"Jun 28, 2022, 09:30 PM",buy
65,MMAT,META MATERIALS INC.,Welch Thomas Gordon,10% Owner,"Jun 24, 2022",$1.28,35000,44800,2450243,"Jun 28, 2022, 08:25 PM",buy
66,MMAT,META MATERIALS INC.,Welch Thomas Gordon,10% Owner,"Jun 24, 2022",$1.30,35000,45465,1948242,"Jun 28, 2022, 08:25 PM",buy
67,LULU,lululemon athletica inc.,Gibson Kourtney,Director,"Jun 15, 2022",$280.12,200,56024,1302,"Jun 28, 2022, 08:05 PM",buy
68,REFI,"Chicago Atlantic Real Estate Finance, Inc.",Cappell Anthony,Chief Executive Officer,"Dec 08, 2021",$16.25,500,8125,218270,"Jun 28, 2022, 07:49 PM",buy
69,SKIL,Skillsoft Corp.,Ferrera Gary W,Chief Financial Officer,"Jun 28, 2022",$3.61,30000,108270,30000,"Jun 28, 2022, 07:46 PM",buy
70,OCX,Oncocyte Corp,"PURA VIDA INVESTMENTS, LLC",10% Owner,"Apr 14, 2022",$1.25,76840,96184,8532663,"Jun 28, 2022, 07:46 PM",buy
71,OCX,Oncocyte Corp,"PURA VIDA INVESTMENTS, LLC",10% Owner,"Apr 14, 2022",$1.25,123160,154166,7473607,"Jun 28, 2022, 07:46 PM",buy
72,ARKR,ARK RESTAURANTS CORP,SATTERFIELD THOMAS A JR,10% Owner,"Jun 27, 2022",$18.21,8707,158554,84183,"Jun 28, 2022, 07:29 PM",buy
73,ARKR,ARK RESTAURANTS CORP,SATTERFIELD THOMAS A JR,10% Owner,"Jun 24, 2022",$17.67,10313,182231,75476,"Jun 28, 2022, 07:29 PM",buy
74,ARKR,ARK RESTAURANTS CORP,SATTERFIELD THOMAS A JR,10% Owner,"Jun 24, 2022",$16.32,1000,16320,1000,"Jun 28, 2022, 07:29 PM",buy
75,ARKR,ARK RESTAURANTS CORP,SATTERFIELD THOMAS A JR,10% Owner,"Jun 24, 2022",$16.73,5500,92015,37000,"Jun 28, 2022, 07:29 PM",buy
76,CRVS,"Corvus Pharmaceuticals, Inc.",MILLER RICHARD A MD,President and CEO,"Jun 27, 2022",$1.00,5000,4985,1349405,"Jun 28, 2022, 07:15 PM",buy
77,CRVS,"Corvus Pharmaceuticals, Inc.",MILLER RICHARD A MD,President and CEO,"Jun 24, 2022",$1.03,5000,5150,1344405,"Jun 28, 2022, 07:15 PM",buy
78,NAUT,"Nautilus Biotechnology, Inc.",Mowry Anna,CFO and Treasurer,"Jun 27, 2022",$2.75,5500,15124,39250,"Jun 28, 2022, 06:17 PM",buy
79,CAFLX,PIMCO California Flexible Municipal Income Fund,"Allianz Fund Investments, Inc.",10% Owner,"Jun 27, 2022",$10.00,2490000,24900000,2500000,"Jun 28, 2022, 06:08 PM",buy
80,QTNT,Quotient Ltd,Mendez Manuel O.,Chief Executive Officer,"Jun 24, 2022",$0.30,66666,20000,483333,"Jun 28, 2022, 05:51 PM",buy
81,QTNT,Quotient Ltd,Kiboro Ali,Chief Financial Officer,"Jun 24, 2022",$0.30,66666,20000,66666,"Jun 28, 2022, 05:40 PM",buy
82,EP,EMPIRE PETROLEUM CORP,Matschke Mason H.,Director,"Jun 24, 2022",$12.35,1273,15725,377646,"Jun 28, 2022, 05:19 PM",buy
83,OCFC,OCEANFIRST FINANCIAL CORP,Barrett Patrick Sean,Executive Vice President & CFO,"Jun 24, 2022",$18.91,10500,198555,20508,"Jun 28, 2022, 04:58 PM",buy
84,USAU,U.S. GOLD CORP.,NORMAN LUKE ANTHONY,Director,"Jun 24, 2022",$4.17,8482,35403,293165,"Jun 28, 2022, 04:46 PM",buy
85,BKYI,BIO KEY INTERNATIONAL INC,Sullivan James David,Chief Legal Officer,"Jun 14, 2022",$1.69,3416,5764,63000,"Jun 28, 2022, 04:44 PM",buy
86,BKYI,BIO KEY INTERNATIONAL INC,Sullivan James David,Chief Legal Officer,"Jun 13, 2022",$1.70,84,143,59584,"Jun 28, 2022, 04:44 PM",buy
87,NASD,SINGING MACHINE CO INC,"BitNile Holdings, Inc.",10% Owner,"Jun 24, 2022",$7.74,2000,15475,1544000,"Jun 28, 2022, 04:30 PM",buy
88,BTTX,"Better Therapeutics, Inc.",Heinen Mark,See Remarks,"Jun 24, 2022",$1.75,2281,4001,2281,"Jun 28, 2022, 04:24 PM",buy
89,PFSW,PFSWEB INC,Samaha Eli,10% Owner,"Jun 24, 2022",$11.72,23448,274811,2633189,"Jun 28, 2022, 04:15 PM",buy
90,CHK,CHESAPEAKE ENERGY CORP,Wichterich Michael,Executive Chairman,"Jun 27, 2022",$85.65,2000,171300,25318,"Jun 28, 2022, 04:11 PM",buy
91,CHK,CHESAPEAKE ENERGY CORP,Wichterich Michael,Executive Chairman,"Jun 24, 2022",$81.50,3000,244500,23318,"Jun 28, 2022, 04:11 PM",buy
92,KFS,KINGSWAY FINANCIAL SERVICES INC,OAKMONT CAPITAL INC,10% Owner,"Jun 27, 2022",$5.40,3858,20826,2522708,"Jun 28, 2022, 04:08 PM",buy
93,KFS,KINGSWAY FINANCIAL SERVICES INC,OAKMONT CAPITAL INC,10% Owner,"Jun 24, 2022",$5.35,6454,34536,2518850,"Jun 28, 2022, 04:08 PM",buy
94,KFS,KINGSWAY FINANCIAL SERVICES INC,Kavanagh Terence Michael,Director,"Jun 27, 2022",$5.40,3858,20826,2557458,"Jun 28, 2022, 04:07 PM",buy
95,KFS,KINGSWAY FINANCIAL SERVICES INC,Kavanagh Terence Michael,Director,"Jun 24, 2022",$5.35,6454,34536,2553600,"Jun 28, 2022, 04:07 PM",buy
96,KFS,KINGSWAY FINANCIAL SERVICES INC,Hannon Gregory Paul,Director,"Jun 27, 2022",$5.40,3858,20826,2570458,"Jun 28, 2022, 04:06 PM",buy
97,KFS,KINGSWAY FINANCIAL SERVICES INC,Hannon Gregory Paul,Director,"Jun 24, 2022",$5.35,6454,34536,2566600,"Jun 28, 2022, 04:06 PM",buy
98,NVNO,enVVeno Medical Corp,BERMAN ROBERT ANDREW,Chief Executive Officer,"Jun 27, 2022",$3.80,2500,9500,210236,"Jun 28, 2022, 04:05 PM",buy
99,BATRA,Liberty Media Corp,"GAMCO INVESTORS, INC. ET AL",10% Owner,"Jun 27, 2022",$25.00,2000,50000,12000,"Jun 28, 2022, 04:00 PM",buy
100,CCHW,Columbia Care Inc.,GOLDBERG PHILIP,Director,"Jun 27, 2022",$1.36,23500,31960,7784127,"Jun 28, 2022, 04:00 PM",buy
1,GOVX,"GeoVax Labs, Inc.",McKee Kelly T. Jr.,Chief Medical Officer,"Jun 27, 2022",$1.12,4464,5000,19185,"Jun 28, 2022, 02:59 PM",buy
2,CSBB,CSB BANCORP INC /OH,Briggs Vikki G,Director,"Jun 27, 2022",$38.67,445,17210,9607,"Jun 28, 2022, 02:47 PM",buy
3,MEGI,MainStay CBRE Global Infrastructure Megatrends Fund,Anagnos Jeremy,Portfolio Manager,"Jun 27, 2022",$15.47,502,7766,17080,"Jun 28, 2022, 02:19 PM",buy
4,OESX,"ORION ENERGY SYSTEMS, INC.",Otten Anthony L.,Director,"Jun 27, 2022",$2.10,2000,4197,145534,"Jun 28, 2022, 02:16 PM",buy
5,FXNC,FIRST NATIONAL CORP /VA/,Patel Kirtesh,Director,"Jun 27, 2022",$17.99,5250,94462,18061,"Jun 28, 2022, 01:41 PM",buy
6,CAMP,CalAmp Corp.,GARDNER JEFFERY R,President & CEO,"Jun 28, 2022",$4.83,20000,96600,313683,"Jun 28, 2022, 11:57 AM",buy
7,QNBC,QNB CORP,Bimes Randy S.,Director,"Jun 24, 2022",$28.70,348,9988,110681,"Jun 28, 2022, 11:56 AM",buy
8,RCG,"RENN Fund, Inc.",STAHL MURRAY,President & CEO,"Jun 27, 2022",$2.29,2,5,3364,"Jun 28, 2022, 11:36 AM",buy
9,RCG,"RENN Fund, Inc.",STAHL MURRAY,President & CEO,"Jun 27, 2022",$2.29,75,172,42142,"Jun 28, 2022, 11:36 AM",buy
10,RCG,"RENN Fund, Inc.",STAHL MURRAY,President & CEO,"Jun 27, 2022",$2.29,300,687,172108,"Jun 28, 2022, 11:36 AM",buy
11,RCG,"RENN Fund, Inc.",STAHL MURRAY,President & CEO,"Jun 27, 2022",$2.29,300,687,168700,"Jun 28, 2022, 11:36 AM",buy
12,QNBC,QNB CORP,Mann Jennifer L,Director,"Jun 24, 2022",$28.70,209,5998,4512,"Jun 28, 2022, 11:36 AM",buy
13,TPL,Texas Pacific Land Corp,STAHL MURRAY,Director,"Jun 27, 2022",$1538.64,1,1539,43123,"Jun 28, 2022, 11:21 AM",buy
14,TPL,Texas Pacific Land Corp,STAHL MURRAY,Director,"Jun 27, 2022",$1538.64,3,4616,1735,"Jun 28, 2022, 11:21 AM",buy
15,TPL,Texas Pacific Land Corp,STAHL MURRAY,Director,"Jun 27, 2022",$1538.64,2,3077,1363,"Jun 28, 2022, 11:21 AM",buy
16,TPL,Texas Pacific Land Corp,STAHL MURRAY,Director,"Jun 27, 2022",$1538.64,1,1539,1525,"Jun 28, 2022, 11:21 AM",buy
17,TPL,Texas Pacific Land Corp,STAHL MURRAY,Director,"Jun 27, 2022",$1538.64,2,3077,1462,"Jun 28, 2022, 11:21 AM",buy
18,TPL,Texas Pacific Land Corp,STAHL MURRAY,Director,"Jun 27, 2022",$1538.64,13,20002,206509,"Jun 28, 2022, 11:21 AM",buy
19,BRID,BRIDGFORD FOODS CORP,Silva Juan Luis,V.P. Plant Superintendent,"Jun 14, 2022",$12.89,57,735,57,"Jun 28, 2022, 10:28 AM",buy
20,BWFG,"Bankwell Financial Group, Inc.",Ivanov Penko Krassimir,EVP & Chief Financial Officer,"Jun 24, 2022",$30.75,200,6150,1679,"Jun 28, 2022, 09:15 AM",buy
21,BWFG,"Bankwell Financial Group, Inc.",Garnett James M Jr,Director,"Jun 24, 2022",$30.50,10000,305000,18708,"Jun 28, 2022, 09:15 AM",buy
22,TURN,180 DEGREE CAPITAL CORP. /NY/,Gift Alicia M,"Treasurer, Secretary","Jun 27, 2022",$6.09,756,4604,34500,"Jun 28, 2022, 08:59 AM",buy
23,CHK,CHESAPEAKE ENERGY CORP,DELL'OSSO DOMENIC J JR,President and CEO,"Jun 24, 2022",$82.04,3000,246126,35891,"Jun 28, 2022, 07:09 AM",buy
24,VOXX,VOXX International Corp,Kahli Beat,Director,"Jun 27, 2022",$9.23,5000,46150,4590000,"Jun 28, 2022, 07:00 AM",buy
25,IVC,INVACARE CORP,Rosen Steven H,10% Owner,"Jun 27, 2022",$1.51,50000,75500,3946558,"Jun 27, 2022, 09:51 PM",buy
26,IVC,INVACARE CORP,Rosen Steven H,10% Owner,"Jun 21, 2022",$1.44,100000,144000,3896558,"Jun 27, 2022, 09:51 PM",buy
27,CNTA,Centessa Pharmaceuticals plc,SAHA SAURABH,Chief Executive Officer,"Jun 24, 2022",$4.63,10000,46284,38000,"Jun 27, 2022, 09:28 PM",buy
28,FUND,SPROTT FOCUS TRUST INC.,GEORGE W WHITNEY,Director,"Jun 23, 2022",$7.50,8494,63680,59420,"Jun 27, 2022, 08:59 PM",buy
29,FUND,SPROTT FOCUS TRUST INC.,GEORGE W WHITNEY,Director,"May 19, 2022",$8.25,10000,82490,50926,"Jun 27, 2022, 08:59 PM",buy
30,ASNB,EKIMAS Corp,Rouf Henrik,10% Owner,"May 17, 2022",$0.03,4335857,142367,1557236,"Jun 27, 2022, 08:27 PM",buy
31,DVA,DAVITA INC.,STAFFIERI MICHAEL DAVID,"Chief Operating Officer, DKC","Jun 23, 2022",$77.70,20000,1554000,61190,"Jun 27, 2022, 07:31 PM",buy
32,VINC,"Vincerx Pharma, Inc.",Hamdy Ahmed MD,Chief Executive Officer,"Jun 23, 2022",$1.41,24200,34137,38480,"Jun 27, 2022, 07:20 PM",buy
33,RSVR,"Reservoir Media, Inc.",Heindlmeyer James A,Chief Financial Officer,"Jun 27, 2022",$6.46,7700,49742,26710,"Jun 27, 2022, 06:49 PM",buy
34,OXY,OCCIDENTAL PETROLEUM CORP /DE/,BERKSHIRE HATHAWAY INC,10% Owner,"Jun 23, 2022",$55.39,794389,44001440,153508235,"Jun 27, 2022, 06:43 PM",buy
35,CPSS,"CONSUMER PORTFOLIO SERVICES, INC.","BLACK DIAMOND CAPITAL MANAGEMENT, L.L.C.",10% Owner,"Jun 23, 2022",$10.52,47579,500674,4806665,"Jun 27, 2022, 06:08 PM",buy
36,CPSS,"CONSUMER PORTFOLIO SERVICES, INC.","BLACK DIAMOND CAPITAL MANAGEMENT, L.L.C.",10% Owner,"Jun 24, 2022",$10.39,236733,2460603,5043398,"Jun 27, 2022, 06:08 PM",buy
37,RMAX,"RE/MAX Holdings, Inc.",Peterson Adam K,10% Owner,"Jun 24, 2022",$24.65,28667,706642,2041594,"Jun 27, 2022, 05:59 PM",buy
38,RMAX,"RE/MAX Holdings, Inc.",Peterson Adam K,10% Owner,"Jun 23, 2022",$23.62,4435,104755,2012927,"Jun 27, 2022, 05:59 PM",buy
39,HLI,"HOULIHAN LOKEY, INC.",SCHRIESHEIM ROBERT A,Director,"Jun 16, 2022",$77.43,192,14867,29678,"Jun 27, 2022, 05:36 PM",buy
40,PINE,"Alpine Income Property Trust, Inc.","CTO Realty Growth, Inc.",10% Owner,"Jun 24, 2022",$17.90,150,2685,923547,"Jun 27, 2022, 05:30 PM",buy
41,PINE,"Alpine Income Property Trust, Inc.","CTO Realty Growth, Inc.",10% Owner,"Jun 23, 2022",$17.54,622,10913,923397,"Jun 27, 2022, 05:30 PM",buy
42,RIG,Transocean Ltd.,CHANG VANESSA C L,Director,"Jun 23, 2022",$3.21,12300,39483,49200,"Jun 27, 2022, 05:05 PM",buy
43,AAIC,Arlington Asset Investment Corp.,BERCE DANIEL E,Director,"Jun 23, 2022",$3.19,46959,149987,61959,"Jun 27, 2022, 04:41 PM",buy
44,AAIC,Arlington Asset Investment Corp.,BERCE DANIEL E,Director,"Jun 24, 2022",$3.30,3041,10038,65000,"Jun 27, 2022, 04:41 PM",buy
45,BLNK,Blink Charging Co.,LEVINE JACK,Director,"Jun 24, 2022",$18.18,6000,109080,110996,"Jun 27, 2022, 04:30 PM",buy
46,PHX,PHX MINERALS INC.,"Edenbrook Capital, LLC",10% Owner,"Jun 23, 2022",$3.07,12500,38314,5122071,"Jun 27, 2022, 04:29 PM",buy
47,AAIC,Arlington Asset Investment Corp.,Konzmann Richard Ernst,"EVP, CFO and Treasurer","Jun 23, 2022",$3.10,10000,31000,199480,"Jun 27, 2022, 04:15 PM",buy
48,QRHC,Quest Resource Holding Corp,FRIEDBERG DANIEL M.,Director,"Jun 24, 2022",$3.96,4967,19647,2794790,"Jun 27, 2022, 04:14 PM",buy
49,QRHC,Quest Resource Holding Corp,FRIEDBERG DANIEL M.,Director,"Jun 23, 2022",$3.93,3536,13911,2789823,"Jun 27, 2022, 04:14 PM",buy
50,CHK,CHESAPEAKE ENERGY CORP,Viets Joshua J.,EVP & COO,"Jun 23, 2022",$75.19,1700,127820,27504,"Jun 27, 2022, 04:09 PM",buy
51,TCON,"Tracon Pharmaceuticals, Inc.",Opaleye Management Inc.,10% Owner,"Jun 24, 2022",$1.39,11419,15894,348733,"Jun 27, 2022, 04:05 PM",buy
52,MACK,MERRIMACK PHARMACEUTICALS INC,Levy Noah G.,Director,"Jun 24, 2022",$5.99,1000,5990,743469,"Jun 27, 2022, 04:05 PM",buy
53,MACK,MERRIMACK PHARMACEUTICALS INC,Levy Noah G.,Director,"Jun 23, 2022",$6.00,500,3000,742469,"Jun 27, 2022, 04:05 PM",buy
54,KFS,KINGSWAY FINANCIAL SERVICES INC,STILWELL JOSEPH,Director,"Jun 23, 2022",$5.34,500,2669,5048333,"Jun 27, 2022, 04:01 PM",buy
55,VOXX,VOXX International Corp,LAVELLE PATRICK M,President & CEO,"Jun 23, 2022",$8.25,1000,8250,466540,"Jun 27, 2022, 03:59 PM",buy
56,IGR,CBRE GLOBAL REAL ESTATE INCOME FUND,SMITH JOSEPH P,President & CEO,"Jun 27, 2022",$7.27,1377,10011,29445,"Jun 27, 2022, 03:53 PM",buy
57,MEGI,MainStay CBRE Global Infrastructure Megatrends Fund,SMITH JOSEPH P,Portfolio Manager,"Jun 27, 2022",$15.49,322,4988,8637,"Jun 27, 2022, 03:46 PM",buy
58,AEO,AMERICAN EAGLE OUTFITTERS INC,Sable David M.,Director,"Jun 23, 2022",$11.90,500,5948,28920,"Jun 27, 2022, 01:13 PM",buy
59,NWFL,NORWOOD FINANCIAL CORP,FORTE ANDREW,Director,"Jun 23, 2022",$24.41,400,9764,6744,"Jun 27, 2022, 12:51 PM",buy
60,NWFL,NORWOOD FINANCIAL CORP,FORTE ANDREW,Director,"Jun 23, 2022",$24.28,560,13597,5005,"Jun 27, 2022, 12:51 PM",buy
61,BWFG,"Bankwell Financial Group, Inc.",Castiglioni Richard,Director,"Jun 23, 2022",$30.15,21,633,16121,"Jun 27, 2022, 12:03 PM",buy
62,BWFG,"Bankwell Financial Group, Inc.",Castiglioni Richard,Director,"Jun 24, 2022",$30.40,179,5442,16300,"Jun 27, 2022, 12:03 PM",buy
63,GIM,TEMPLETON GLOBAL INCOME FUND,"Saba Capital Management, L.P.",10% Owner,"Jun 24, 2022",$4.33,310930,1346327,30166571,"Jun 27, 2022, 12:02 PM",buy
64,GIM,TEMPLETON GLOBAL INCOME FUND,"Saba Capital Management, L.P.",10% Owner,"Jun 23, 2022",$4.31,51932,223827,29855641,"Jun 27, 2022, 12:02 PM",buy
65,RCG,"RENN Fund, Inc.",STAHL MURRAY,President and CEO,"Jun 24, 2022",$2.26,300,678,168400,"Jun 27, 2022, 11:59 AM",buy
66,RCG,"RENN Fund, Inc.",STAHL MURRAY,President and CEO,"Jun 24, 2022",$2.26,75,169,42067,"Jun 27, 2022, 11:59 AM",buy
67,RCG,"RENN Fund, Inc.",STAHL MURRAY,President and CEO,"Jun 24, 2022",$2.26,2,5,14,"Jun 27, 2022, 11:59 AM",buy
68,RCG,"RENN Fund, Inc.",STAHL MURRAY,President and CEO,"Jun 24, 2022",$2.26,4,9,3362,"Jun 27, 2022, 11:59 AM",buy
69,RCG,"RENN Fund, Inc.",STAHL MURRAY,President and CEO,"Jun 24, 2022",$2.26,300,678,171808,"Jun 27, 2022, 11:59 AM",buy
70,DEX,Delaware Enhanced Global Dividend & Income Fund,"Saba Capital Management, L.P.",10% Owner,"Jun 23, 2022",$7.55,2000,15100,1153867,"Jun 27, 2022, 11:57 AM",buy
71,TRKA,"Troika Media Group, Inc.",Coates Peter,10% Owner,"Jun 21, 2022",$0.93,9082,8491,10091710,"Jun 27, 2022, 11:53 AM",buy
72,TPL,Texas Pacific Land Corp,STAHL MURRAY,Director,"Jun 24, 2022",$1519.96,2,3040,1361,"Jun 27, 2022, 11:47 AM",buy
73,TPL,Texas Pacific Land Corp,STAHL MURRAY,Director,"Jun 24, 2022",$1519.96,1,1520,1524,"Jun 27, 2022, 11:47 AM",buy
74,TPL,Texas Pacific Land Corp,STAHL MURRAY,Director,"Jun 24, 2022",$1519.96,2,3040,1460,"Jun 27, 2022, 11:47 AM",buy
75,TPL,Texas Pacific Land Corp,STAHL MURRAY,Director,"Jun 24, 2022",$1519.96,13,19759,206496,"Jun 27, 2022, 11:47 AM",buy
76,TPL,Texas Pacific Land Corp,STAHL MURRAY,Director,"Jun 24, 2022",$1519.96,1,1520,43122,"Jun 27, 2022, 11:47 AM",buy
77,TPL,Texas Pacific Land Corp,STAHL MURRAY,Director,"Jun 24, 2022",$1519.96,3,4560,1732,"Jun 27, 2022, 11:47 AM",buy
78,NRT,NORTH EUROPEAN OIL ROYALTY TRUST,Prue Nancy J F,Trustee,"Jun 23, 2022",$12.54,128,1605,6128,"Jun 27, 2022, 10:27 AM",buy
79,PQEFF,PETROTEQ ENERGY INC.,CANTONE ANTHONY J,10% Owner,"Jun 24, 2022",$0.18,60000,10722,121426992,"Jun 27, 2022, 09:40 AM",buy
80,TURN,180 DEGREE CAPITAL CORP. /NY/,Rendino Kevin,Chairman and CEO,"Jun 23, 2022",$6.10,249,1519,490355,"Jun 27, 2022, 09:05 AM",buy
81,NXGL,"NEXGEL, INC.",STEFANSKY DAVID,Director,"Jun 24, 2022",$1.60,3128,4993,12219,"Jun 27, 2022, 09:00 AM",buy
82,NVCT,"Nuvectis Pharma, Inc.",BENTSUR RON,Chairman & CEO,"Jun 24, 2022",$12.18,400,4872,2964314,"Jun 27, 2022, 08:31 AM",buy
83,NVCT,"Nuvectis Pharma, Inc.",BENTSUR RON,Chairman & CEO,"Jun 23, 2022",$11.40,200,2280,2963914,"Jun 27, 2022, 08:31 AM",buy
84,NVCT,"Nuvectis Pharma, Inc.",BENTSUR RON,Chairman & CEO,"Jun 22, 2022",$13.10,100,1310,2963714,"Jun 27, 2022, 08:31 AM",buy
85,IDN,"Intellicheck, Inc.",Ishmael Jeffrey,CFO,"Jun 24, 2022",$1.91,4000,7645,60013,"Jun 27, 2022, 08:23 AM",buy
86,VOXX,VOXX International Corp,Kahli Beat,Director,"Jun 24, 2022",$8.73,5000,43650,4585000,"Jun 27, 2022, 07:00 AM",buy
87,ALDX,"Aldeyra Therapeutics, Inc.",JOYCE MARTIN JOSEPH,Director,"Jun 23, 2022",$3.48,4323,15025,23967,"Jun 27, 2022, 06:42 AM",buy
88,ALDX,"Aldeyra Therapeutics, Inc.",Brady Todd C,President and CEO,"Jun 23, 2022",$3.36,17700,59546,1216535,"Jun 27, 2022, 06:41 AM",buy
89,GLSI,"Greenwich LifeSciences, Inc.",Patel Snehal,CEO and CFO,"Jun 24, 2022",$9.13,22535,205745,2706421,"Jun 27, 2022, 06:05 AM",buy
90,GLSI,"Greenwich LifeSciences, Inc.",Patel Snehal,CEO and CFO,"Jun 24, 2022",$9.13,6465,59025,2712886,"Jun 27, 2022, 06:05 AM",buy
91,EFTR,"eFFECTOR Therapeutics, Inc.",Gallagher Brian M. Jr.,Director,"Jun 23, 2022",$1.59,30000,47700,30000,"Jun 27, 2022, 06:00 AM",buy
92,OPK,"OPKO HEALTH, INC.",Nabel Gary J.,Chief Innovation Officer,"Jun 22, 2022",$2.50,80000,199986,19857514,"Jun 24, 2022, 07:52 PM",buy
93,OPK,"OPKO HEALTH, INC.",Nabel Gary J.,Chief Innovation Officer,"Jun 22, 2022",$2.47,80000,197600,80000,"Jun 24, 2022, 07:52 PM",buy
94,OPK,"OPKO HEALTH, INC.",Nabel Gary J.,Chief Innovation Officer,"Jun 22, 2022",$2.50,80000,199807,19857514,"Jun 24, 2022, 07:52 PM",buy
95,TELA,"TELA Bio, Inc.",Opaleye Management Inc.,10% Owner,"Jun 22, 2022",$6.99,400,2796,97800,"Jun 24, 2022, 07:45 PM",buy
96,TELA,"TELA Bio, Inc.",Opaleye Management Inc.,10% Owner,"Jun 22, 2022",$6.99,2000,13980,1542000,"Jun 24, 2022, 07:45 PM",buy
97,TELA,"TELA Bio, Inc.","EW HEALTHCARE PARTNERS FUND 2, L.P.",See footnote 2,"Jun 23, 2022",$6.99,5000,34950,3540709,"Jun 24, 2022, 07:06 PM",buy
98,TELA,"TELA Bio, Inc.","EW HEALTHCARE PARTNERS FUND 2, L.P.",See footnote 2,"Jun 22, 2022",$6.47,5000,32350,3535709,"Jun 24, 2022, 07:06 PM",buy
99,TELA,"TELA Bio, Inc.","EW HEALTHCARE PARTNERS FUND 2, L.P.",See footnote 2,"Jun 24, 2022",$7.06,5000,35300,3545709,"Jun 24, 2022, 07:06 PM",buy
100,EVA,Enviva Inc.,Meth Thomas,President,"Jun 23, 2022",$58.78,8600,505508,426255,"Jun 24, 2022, 06:45 PM",buy
1,TCDA,"Tricida, Inc.","Venrock Healthcare Capital Partners II, L.P.",10% Owner,"Jun 23, 2022",$10.50,200000,2100000,6920089,"Jun 24, 2022, 05:51 PM",buy
2,TCDA,"Tricida, Inc.","Venrock Healthcare Capital Partners II, L.P.",10% Owner,"Jun 22, 2022",$10.90,142900,1557610,6720089,"Jun 24, 2022, 05:51 PM",buy
3,TCDA,"Tricida, Inc.","Venrock Healthcare Capital Partners II, L.P.",10% Owner,"Jun 24, 2022",$9.68,149120,1443482,7069209,"Jun 24, 2022, 05:51 PM",buy
4,NNBR,NN INC,"Corre Partners Management, LLC",10% Owner,"Jun 23, 2022",$2.36,16883,39920,4519517,"Jun 24, 2022, 05:42 PM",buy
5,NNBR,NN INC,"Corre Partners Management, LLC",10% Owner,"Jun 22, 2022",$2.33,51200,119311,4502634,"Jun 24, 2022, 05:42 PM",buy
6,IKNA,"Ikena Oncology, Inc.",ORBIMED ADVISORS LLC,Director,"Jun 24, 2022",$4.96,162000,803975,2098097,"Jun 24, 2022, 05:39 PM",buy
7,IKNA,"Ikena Oncology, Inc.",ORBIMED ADVISORS LLC,Director,"Jun 23, 2022",$3.71,23419,86884,1936097,"Jun 24, 2022, 05:39 PM",buy
8,IKNA,"Ikena Oncology, Inc.",ORBIMED ADVISORS LLC,Director,"Jun 22, 2022",$3.55,66806,237161,1912678,"Jun 24, 2022, 05:39 PM",buy
9,IKNA,"Ikena Oncology, Inc.",Bonita David P,Director,"Jun 24, 2022",$4.96,162000,803975,2098097,"Jun 24, 2022, 05:32 PM",buy
10,IKNA,"Ikena Oncology, Inc.",Bonita David P,Director,"Jun 23, 2022",$3.71,23419,86884,1936097,"Jun 24, 2022, 05:32 PM",buy
11,IKNA,"Ikena Oncology, Inc.",Bonita David P,Director,"Jun 22, 2022",$3.55,66806,237161,1912678,"Jun 24, 2022, 05:32 PM",buy
12,MICS,SINGING MACHINE CO INC,"BitNile Holdings, Inc.",10% Owner,"Jun 23, 2022",$7.68,14000,107541,1532000,"Jun 24, 2022, 05:25 PM",buy
13,MICS,SINGING MACHINE CO INC,"BitNile Holdings, Inc.",10% Owner,"Jun 22, 2022",$7.72,15518,119765,1518000,"Jun 24, 2022, 05:25 PM",buy
14,MICS,SINGING MACHINE CO INC,"BitNile Holdings, Inc.",10% Owner,"Jun 24, 2022",$7.82,10000,78227,1542000,"Jun 24, 2022, 05:25 PM",buy
15,NILE,"BitNile Holdings, Inc.",AULT MILTON C III,Executive Chairman,"Jun 23, 2022",$0.28,125000,34837,22225000,"Jun 24, 2022, 05:00 PM",buy
16,NILE,"BitNile Holdings, Inc.",AULT MILTON C III,Executive Chairman,"Jun 22, 2022",$0.30,100000,29690,22100000,"Jun 24, 2022, 05:00 PM",buy
17,GLP,GLOBAL PARTNERS LP,Global GP LLC,General Partner,"Jun 24, 2022",$23.01,5000,115050,139634,"Jun 24, 2022, 04:59 PM",buy
18,GLP,GLOBAL PARTNERS LP,Global GP LLC,General Partner,"Jun 23, 2022",$22.05,5433,119798,134634,"Jun 24, 2022, 04:59 PM",buy
19,ANTX,"AN2 Therapeutics, Inc.","Adjuvant Global Health Technology Fund, L.P.",10% Owner,"Mar 29, 2022",$15.00,166666,2499990,2210735,"Jun 24, 2022, 04:51 PM",buy
20,GMS,GMS Inc.,"Coliseum Capital Management, LLC",10% Owner,"Jun 22, 2022",$38.72,93897,3635692,6031573,"Jun 24, 2022, 04:42 PM",buy
21,GMS,GMS Inc.,"Coliseum Capital Management, LLC",10% Owner,"Jun 23, 2022",$39.82,100000,3982000,6131573,"Jun 24, 2022, 04:42 PM",buy
22,RKT,"Rocket Companies, Inc.",Rizik Matthew,Director,"Jun 24, 2022",$7.70,2800,21560,220702,"Jun 24, 2022, 04:30 PM",buy
23,RKT,"Rocket Companies, Inc.",Rizik Matthew,Director,"Jun 23, 2022",$7.16,3000,21480,217902,"Jun 24, 2022, 04:30 PM",buy
24,RKT,"Rocket Companies, Inc.",Farner Jay,Chief Executive Officer,"Jun 23, 2022",$7.15,27900,199485,2826307,"Jun 24, 2022, 04:29 PM",buy
25,RKT,"Rocket Companies, Inc.",Farner Jay,Chief Executive Officer,"Jun 24, 2022",$7.69,26000,199940,2852307,"Jun 24, 2022, 04:29 PM",buy
26,SRRK,Scholar Rock Holding Corp,Nashat Amir,Director,"Jun 22, 2022",$4.90,1197992,5870161,3540530,"Jun 24, 2022, 04:27 PM",buy
27,EPD,ENTERPRISE PRODUCTS PARTNERS L.P.,BARTH CARIN MARCY,Director,"Jun 24, 2022",$23.64,19050,450304,19050,"Jun 24, 2022, 04:20 PM",buy
28,KFS,KINGSWAY FINANCIAL SERVICES INC,OAKMONT CAPITAL INC,10% Owner,"Jun 22, 2022",$5.29,9699,51284,2477736,"Jun 24, 2022, 04:09 PM",buy
29,KFS,KINGSWAY FINANCIAL SERVICES INC,OAKMONT CAPITAL INC,10% Owner,"Jun 23, 2022",$5.31,34660,183996,2512396,"Jun 24, 2022, 04:09 PM",buy
30,KFS,KINGSWAY FINANCIAL SERVICES INC,Hannon Gregory Paul,Director,"Jun 23, 2022",$5.31,34600,183678,2560146,"Jun 24, 2022, 04:08 PM",buy
31,KFS,KINGSWAY FINANCIAL SERVICES INC,Hannon Gregory Paul,Director,"Jun 22, 2022",$5.29,9699,51284,2525486,"Jun 24, 2022, 04:08 PM",buy
32,FMAO,FARMERS & MERCHANTS BANCORP INC,Hornish Jo Ellen,Director,"Jun 24, 2022",$34.14,2997,102318,35652,"Jun 24, 2022, 04:06 PM",buy
33,KFS,KINGSWAY FINANCIAL SERVICES INC,Kavanagh Terence Michael,Director,"Jun 23, 2022",$5.31,34660,183996,2547146,"Jun 24, 2022, 04:05 PM",buy
34,KFS,KINGSWAY FINANCIAL SERVICES INC,Kavanagh Terence Michael,Director,"Jun 22, 2022",$5.29,9699,51284,2512486,"Jun 24, 2022, 04:05 PM",buy
35,HQI,"HireQuest, Inc.",Hermanns Richard,President and CEO,"Jun 22, 2022",$12.46,3000,37381,3454498,"Jun 24, 2022, 04:05 PM",buy
36,HQI,"HireQuest, Inc.",OLMSTEAD JACK A.,Director,"Jun 23, 2022",$13.12,3300,43296,23330,"Jun 24, 2022, 04:05 PM",buy
37,LGMK,"LogicMark, Inc.",Curtis Robert Arthur,Director,"Jun 22, 2022",$1.15,10000,11460,27645,"Jun 24, 2022, 04:05 PM",buy
38,HOMB,HOME BANCSHARES INC,Engelkes Jack,Director,"Jun 23, 2022",$20.58,25000,514500,178634,"Jun 24, 2022, 04:04 PM",buy
39,OESX,"ORION ENERGY SYSTEMS, INC.",Altschaefl Michael W,CEO and Board Chair,"Jun 24, 2022",$2.04,10000,20408,1035156,"Jun 24, 2022, 04:02 PM",buy
40,PAA,PLAINS ALL AMERICAN PIPELINE LP,McCarthy Kevin S,Director,"Jun 23, 2022",$9.81,200000,1961220,200000,"Jun 24, 2022, 03:19 PM",buy
41,OSG,OVERSEAS SHIPHOLDING GROUP INC,Norton Samuel H,President and CEO,"Jun 22, 2022",$2.07,50000,103515,1972396,"Jun 24, 2022, 02:53 PM",buy
42,PQEFF,PETROTEQ ENERGY INC.,CANTONE ANTHONY J,10% Owner,"Jun 23, 2022",$0.02,70000,1225,121366992,"Jun 24, 2022, 12:59 PM",buy
43,TFC,TRUIST FINANCIAL CORP,RATCLIFFE DAVID M,Director,"Jun 22, 2022",$46.99,132,6203,3055,"Jun 24, 2022, 12:35 PM",buy
44,AUGG,AUGUSTA GOLD CORP.,Augusta Investments Inc.,Director,"Jun 23, 2022",$1.33,4000,5305,21975388,"Jun 24, 2022, 12:25 PM",buy
45,AUGG,AUGUSTA GOLD CORP.,Augusta Investments Inc.,Director,"Jun 22, 2022",$1.27,300,381,21971388,"Jun 24, 2022, 12:25 PM",buy
46,MSF A,AIP Multi-Strategy Fund A,Dennis Kathleen A,Director,"Jun 24, 2022",$777.64,6,4666,2,"Jun 24, 2022, 12:08 PM",buy
47,RCG,"RENN Fund, Inc.",STAHL MURRAY,President and CEO,"Jun 23, 2022",$2.29,300,687,168100,"Jun 24, 2022, 11:31 AM",buy
48,RCG,"RENN Fund, Inc.",STAHL MURRAY,President and CEO,"Jun 23, 2022",$2.29,2,5,3358,"Jun 24, 2022, 11:31 AM",buy
49,RCG,"RENN Fund, Inc.",STAHL MURRAY,President and CEO,"Jun 23, 2022",$2.29,300,687,171508,"Jun 24, 2022, 11:31 AM",buy
50,RCG,"RENN Fund, Inc.",STAHL MURRAY,President and CEO,"Jun 23, 2022",$2.29,75,172,41992,"Jun 24, 2022, 11:31 AM",buy
51,TRSSF,TerrAscend Corp.,"JW Asset Management, LLC",Executive Chairman,"Jun 23, 2022",$2.53,20000,50600,90297808,"Jun 24, 2022, 11:15 AM",buy
52,TPL,Texas Pacific Land Corp,STAHL MURRAY,Director,"Jun 23, 2022",$1458.12,3,4374,1729,"Jun 24, 2022, 11:15 AM",buy
53,TPL,Texas Pacific Land Corp,STAHL MURRAY,Director,"Jun 23, 2022",$1458.12,2,2916,1458,"Jun 24, 2022, 11:15 AM",buy
54,TPL,Texas Pacific Land Corp,STAHL MURRAY,Director,"Jun 23, 2022",$1458.12,13,18956,206483,"Jun 24, 2022, 11:15 AM",buy
55,TPL,Texas Pacific Land Corp,STAHL MURRAY,Director,"Jun 23, 2022",$1458.12,1,1458,1523,"Jun 24, 2022, 11:15 AM",buy
56,TPL,Texas Pacific Land Corp,STAHL MURRAY,Director,"Jun 23, 2022",$1458.12,1,1458,43121,"Jun 24, 2022, 11:15 AM",buy
57,TPL,Texas Pacific Land Corp,STAHL MURRAY,Director,"Jun 23, 2022",$1458.12,2,2916,1359,"Jun 24, 2022, 11:15 AM",buy
58,ATSG,"Air Transport Services Group, Inc.",VORHOLT JEFFREY J,Director,"Jun 22, 2022",$29.29,357,10457,32300,"Jun 24, 2022, 09:26 AM",buy
59,DTIL,PRECISION BIOSCIENCES INC,Kelly John Alexander,Chief Financial Officer,"Jun 22, 2022",$1.50,33784,50676,117701,"Jun 24, 2022, 08:59 AM",buy
60,AMWD,AMERICAN WOODMARK CORP,Tang Vance W,Director,"Jun 23, 2022",$41.95,10000,419500,57594,"Jun 24, 2022, 08:57 AM",buy
61,AMWD,AMERICAN WOODMARK CORP,Culbreth Michael Scott,PRESIDENT & CEO,"Jun 22, 2022",$41.13,2000,82261,57930,"Jun 24, 2022, 08:56 AM",buy
62,CRTD,"Creatd, Inc.",Frommer Jeremy,Executive Chairman,"Jun 23, 2022",$0.77,1807,1399,657462,"Jun 24, 2022, 08:30 AM",buy
63,VOXX,VOXX International Corp,Kahli Beat,Director,"Jun 23, 2022",$8.96,5000,44800,4580000,"Jun 24, 2022, 07:00 AM",buy
64,GBS,GBS Inc.,Sakiris Spiro Kevin,Chief Financial Officer,"Jun 22, 2022",$0.65,5000,3249,50228,"Jun 24, 2022, 06:48 AM",buy
65,QRHC,Quest Resource Holding Corp,FRIEDBERG DANIEL M.,Director,"Jun 21, 2022",$3.71,764,2833,2781069,"Jun 23, 2022, 08:12 PM",buy
66,QRHC,Quest Resource Holding Corp,FRIEDBERG DANIEL M.,Director,"Jun 22, 2022",$3.93,5218,20528,2786287,"Jun 23, 2022, 08:12 PM",buy
67,EVA,Enviva Inc.,Even Shai,Exec VP & CFO,"Jun 23, 2022",$58.85,4300,253055,359130,"Jun 23, 2022, 07:48 PM",buy
68,CXDO,"Crexendo, Inc.",MIHAYLO STEVEN G,Chief Executive Officer,"Jun 22, 2022",$2.97,1500,4458,11178256,"Jun 23, 2022, 07:34 PM",buy
69,QRHC,Quest Resource Holding Corp,Miller Ronald L. Jr.,Director,"Jun 22, 2022",$3.94,500,1968,2105,"Jun 23, 2022, 07:23 PM",buy
70,QRHC,Quest Resource Holding Corp,Miller Ronald L. Jr.,Director,"Jun 23, 2022",$3.96,495,1959,2600,"Jun 23, 2022, 07:23 PM",buy
71,BXMT,"BLACKSTONE MORTGAGE TRUST, INC.",Cotton Leonard W,Director,"Jun 21, 2022",$27.78,5000,138922,47955,"Jun 23, 2022, 07:07 PM",buy
72,TCON,"Tracon Pharmaceuticals, Inc.",Opaleye Management Inc.,10% Owner,"Jun 21, 2022",$1.31,841989,1105279,3776589,"Jun 23, 2022, 06:54 PM",buy
73,SEAC,SEACHANGE INTERNATIONAL INC,SINGER KAREN,10% Owner,"Jun 21, 2022",$0.54,280182,152381,6615415,"Jun 23, 2022, 06:28 PM",buy
74,SEAC,SEACHANGE INTERNATIONAL INC,SINGER KAREN,10% Owner,"Jun 22, 2022",$0.55,10201,5561,6625616,"Jun 23, 2022, 06:28 PM",buy
75,FSLY,"Fastly, Inc.",Daniels Richard Devon,Director,"Jun 01, 2022",$12.75,5000,63750,31014,"Jun 23, 2022, 05:53 PM",buy
76,JELD,"JELD-WEN Holding, Inc.",Turtle Creek Asset Management Inc.,10% Owner,"Jun 21, 2022",$13.15,2703,35549,822065,"Jun 23, 2022, 05:44 PM",buy
77,JELD,"JELD-WEN Holding, Inc.",Turtle Creek Asset Management Inc.,10% Owner,"Jun 23, 2022",$13.82,105723,1461483,11268303,"Jun 23, 2022, 05:44 PM",buy
78,JELD,"JELD-WEN Holding, Inc.",Turtle Creek Asset Management Inc.,10% Owner,"Jun 21, 2022",$13.15,3902,51318,1029817,"Jun 23, 2022, 05:44 PM",buy
79,JELD,"JELD-WEN Holding, Inc.",Turtle Creek Asset Management Inc.,10% Owner,"Jun 22, 2022",$13.11,17567,230263,839632,"Jun 23, 2022, 05:44 PM",buy
80,JELD,"JELD-WEN Holding, Inc.",Turtle Creek Asset Management Inc.,10% Owner,"Jun 21, 2022",$13.15,43395,570718,10880510,"Jun 23, 2022, 05:44 PM",buy
81,JELD,"JELD-WEN Holding, Inc.",Turtle Creek Asset Management Inc.,10% Owner,"Jun 22, 2022",$13.11,25363,332451,1055180,"Jun 23, 2022, 05:44 PM",buy
82,JELD,"JELD-WEN Holding, Inc.",Turtle Creek Asset Management Inc.,10% Owner,"Jun 23, 2022",$13.82,6585,91029,846217,"Jun 23, 2022, 05:44 PM",buy
83,JELD,"JELD-WEN Holding, Inc.",Turtle Creek Asset Management Inc.,10% Owner,"Jun 22, 2022",$13.11,282070,3697289,11162580,"Jun 23, 2022, 05:44 PM",buy
84,JELD,"JELD-WEN Holding, Inc.",Turtle Creek Asset Management Inc.,10% Owner,"Jun 23, 2022",$13.82,9507,131422,1064687,"Jun 23, 2022, 05:44 PM",buy
85,EVA,Enviva Inc.,Keppler John K.,Chairman and CEO,"Jun 23, 2022",$60.57,16422,994650,717454,"Jun 23, 2022, 05:42 PM",buy
86,APPN,APPIAN CORP,"Abdiel Capital Management, LLC",10% Owner,"Jun 22, 2022",$43.81,152,6659,8328118,"Jun 23, 2022, 05:32 PM",buy
87,APPN,APPIAN CORP,"Abdiel Capital Management, LLC",10% Owner,"Jun 22, 2022",$43.81,4400,192766,8328065,"Jun 23, 2022, 05:32 PM",buy
88,APPN,APPIAN CORP,"Abdiel Capital Management, LLC",10% Owner,"Jun 21, 2022",$43.98,3202,140810,8323566,"Jun 23, 2022, 05:32 PM",buy
89,APPN,APPIAN CORP,"Abdiel Capital Management, LLC",10% Owner,"Jun 21, 2022",$43.98,96798,4256745,8321850,"Jun 23, 2022, 05:32 PM",buy
90,RSSS,"Research Solutions, Inc.",OLIVIER ROY W,CEO & President,"Jun 21, 2022",$1.90,2302,4374,131736,"Jun 23, 2022, 05:29 PM",buy
91,RSVR,"Reservoir Media, Inc.",Field Ezra S.,Director,"Jun 23, 2022",$6.52,23000,149960,43000,"Jun 23, 2022, 05:23 PM",buy
92,VYGR,"Voyager Therapeutics, Inc.","EcoR1 Capital, LLC",10% Owner,"Jun 23, 2022",$5.66,376000,2126543,4753907,"Jun 23, 2022, 05:21 PM",buy
93,VYGR,"Voyager Therapeutics, Inc.","EcoR1 Capital, LLC",10% Owner,"Jun 21, 2022",$5.28,101400,535504,4377907,"Jun 23, 2022, 05:21 PM",buy
94,ACLX,"Arcellx, Inc.","New Enterprise Associates 15, L.P.",10% Owner,"Jun 21, 2022",$16.00,312500,5000000,6745262,"Jun 23, 2022, 05:10 PM",buy
95,OTLK,"Outlook Therapeutics, Inc.",Dagnon Terry,Chief Operating Officer,"Jun 21, 2022",$1.05,10000,10500,1173058,"Jun 23, 2022, 05:08 PM",buy
96,OTLK,"Outlook Therapeutics, Inc.",TRENARY C RUSSELL III,CEO and President,"Jun 21, 2022",$1.06,19925,21120,54925,"Jun 23, 2022, 05:07 PM",buy
97,BCAB,"BioAtla, Inc.",SHORT JAY M PHD,Chief Executive Officer,"Jun 21, 2022",$2.79,29082,81040,1335674,"Jun 23, 2022, 04:59 PM",buy
98,BCAB,"BioAtla, Inc.",SHORT JAY M PHD,Chief Executive Officer,"Jun 22, 2022",$2.91,40308,117296,1375982,"Jun 23, 2022, 04:59 PM",buy
99,MYPS,"PLAYSTUDIOS, Inc.",PASCAL ANDREW S,Chairman and CEO,"Jun 21, 2022",$6.30,9600,60448,392800,"Jun 23, 2022, 04:58 PM",buy
100,SFE,SAFEGUARD SCIENTIFICS INC,SATTERFIELD THOMAS A JR,10% Owner,"Jun 22, 2022",$41.40,20000,828000,200000,"Jun 23, 2022, 04:57 PM",buy
101,SFE,SAFEGUARD SCIENTIFICS INC,SATTERFIELD THOMAS A JR,10% Owner,"Jun 21, 2022",$3.64,20000,72800,180000,"Jun 23, 2022, 04:57 PM",buy
102,SFE,SAFEGUARD SCIENTIFICS INC,SATTERFIELD THOMAS A JR,10% Owner,"Jun 22, 2022",$4.13,27165,112191,671671,"Jun 23, 2022, 04:57 PM",buy
103,SFE,SAFEGUARD SCIENTIFICS INC,SATTERFIELD THOMAS A JR,10% Owner,"Jun 21, 2022",$3.80,6209,23594,644506,"Jun 23, 2022, 04:57 PM",buy
1,NTRA,"Natera, Inc.",Schueren Robert Alan,CHIEF OPERATING OFFICER,"Jun 28, 2022",$39.02,1390,54231,1360,"Jun 29, 2022, 09:30 PM",sell
2,NTRA,"Natera, Inc.",RABINOWITZ DANIEL,SEC. AND CHIEF LEGAL OFFICER,"Jun 28, 2022",$39.02,689,26882,144478,"Jun 29, 2022, 09:30 PM",sell
3,NTRA,"Natera, Inc.",Chapman Steven Leonard,CEO AND PRESIDENT,"Jun 28, 2022",$39.01,2619,102180,67341,"Jun 29, 2022, 09:30 PM",sell
4,NTRA,"Natera, Inc.",Brophy Michael Burkes,CHIEF FINANCIAL OFFICER,"Jun 28, 2022",$39.01,920,35893,83872,"Jun 29, 2022, 09:30 PM",sell
5,AN,"AUTONATION, INC.",LAMPERT EDWARD S,10% Owner,"Jun 27, 2022",$117.55,4587,539213,7874558,"Jun 29, 2022, 09:30 PM",sell
6,CAPR,"CAPRICOR THERAPEUTICS, INC.",Musket David B,Director,"Jun 27, 2022",$4.44,17775,78921,40962,"Jun 29, 2022, 09:00 PM",sell
7,CXM,"Sprinklr, Inc.",Adams Diane,Chief Culture & Talent Officer,"Jun 28, 2022",$11.29,701,7914,113998,"Jun 29, 2022, 08:49 PM",sell
8,BLZE,"Backblaze, Inc.",Jones Charles J.,10% Owner,"Jun 28, 2022",$5.12,2000,10240,496000,"Jun 29, 2022, 08:19 PM",sell
9,BLZE,"Backblaze, Inc.",Jones Charles J.,10% Owner,"Jun 27, 2022",$5.26,2000,10520,498000,"Jun 29, 2022, 08:19 PM",sell
10,BLZE,"Backblaze, Inc.",Jones Charles J.,10% Owner,"Jun 29, 2022",$4.97,2000,9940,494000,"Jun 29, 2022, 08:19 PM",sell
11,BLZE,"Backblaze, Inc.",Budman Gleb,CEO and Chairperson,"Jun 29, 2022",$4.97,2000,9940,494000,"Jun 29, 2022, 08:18 PM",sell
12,BLZE,"Backblaze, Inc.",Budman Gleb,CEO and Chairperson,"Jun 28, 2022",$5.12,2000,10240,496000,"Jun 29, 2022, 08:18 PM",sell
13,BLZE,"Backblaze, Inc.",Budman Gleb,CEO and Chairperson,"Jun 27, 2022",$5.27,2000,10540,498000,"Jun 29, 2022, 08:18 PM",sell
14,BLZE,"Backblaze, Inc.",Wilson Brian K,Chief Technology Officer,"Jun 29, 2022",$4.97,2000,9940,494000,"Jun 29, 2022, 08:18 PM",sell
15,BLZE,"Backblaze, Inc.",Wilson Brian K,Chief Technology Officer,"Jun 28, 2022",$5.12,2000,10240,496000,"Jun 29, 2022, 08:18 PM",sell
16,BLZE,"Backblaze, Inc.",Wilson Brian K,Chief Technology Officer,"Jun 27, 2022",$5.27,2000,10540,498000,"Jun 29, 2022, 08:18 PM",sell
17,BLZE,"Backblaze, Inc.",Nufire Timothy M,Director,"Jun 27, 2022",$5.27,2000,10540,498000,"Jun 29, 2022, 08:18 PM",sell
18,BLZE,"Backblaze, Inc.",Nufire Timothy M,Director,"Jun 29, 2022",$4.97,2000,9940,494000,"Jun 29, 2022, 08:18 PM",sell
19,BLZE,"Backblaze, Inc.",Nufire Timothy M,Director,"Jun 28, 2022",$5.12,2000,10240,496000,"Jun 29, 2022, 08:18 PM",sell
20,BLZE,"Backblaze, Inc.",Ng Kwok Hang,10% Owner,"Jun 28, 2022",$5.12,2000,10240,496000,"Jun 29, 2022, 08:17 PM",sell
21,BLZE,"Backblaze, Inc.",Ng Kwok Hang,10% Owner,"Jun 27, 2022",$5.26,2000,10520,498000,"Jun 29, 2022, 08:17 PM",sell
22,BLZE,"Backblaze, Inc.",Ng Kwok Hang,10% Owner,"Jun 29, 2022",$4.97,2000,9940,494000,"Jun 29, 2022, 08:17 PM",sell
23,KALA,"Kala Pharmaceuticals, Inc.",Trachtenberg Eric,SEE REMARKS,"Jun 27, 2022",$0.37,2613,967,111203,"Jun 29, 2022, 08:12 PM",sell
24,KALA,"Kala Pharmaceuticals, Inc.",Reumuth Mary,CHIEF FINANCIAL OFFICER,"Jun 27, 2022",$0.37,2613,967,130595,"Jun 29, 2022, 08:12 PM",sell
25,KALA,"Kala Pharmaceuticals, Inc.",Brazzell Romulus K,SEE REMARKS,"Jun 27, 2022",$0.37,3144,1163,285201,"Jun 29, 2022, 08:11 PM",sell
26,GOOG,Alphabet Inc.,MATHER ANN,Director,"Jun 27, 2022",$2383.32,20,47666,565,"Jun 29, 2022, 08:11 PM",sell
27,KALA,"Kala Pharmaceuticals, Inc.",Bazemore Todd,SEE REMARKS,"Jun 27, 2022",$0.37,3092,1144,115499,"Jun 29, 2022, 08:10 PM",sell
28,KALA,"Kala Pharmaceuticals, Inc.",Iwicki Mark T,CHIEF EXECUTIVE OFFICER,"Jun 27, 2022",$0.37,7975,2951,251183,"Jun 29, 2022, 08:09 PM",sell
29,CRM,"Salesforce, Inc.",Benioff Marc,Chairman and Co-CEO,"Jun 29, 2022",$170.50,2300,392160,28063023,"Jun 29, 2022, 08:05 PM",sell
30,CRM,"Salesforce, Inc.",Benioff Marc,Chairman and Co-CEO,"Jun 28, 2022",$175.39,300000,52615876,28683444,"Jun 29, 2022, 08:05 PM",sell
31,KTOS,"KRATOS DEFENSE & SECURITY SOLUTIONS, INC.",Fendley Steven S.,"President, US Division","Jun 27, 2022",$14.29,7000,100030,344269,"Jun 29, 2022, 07:55 PM",sell
32,AGO,ASSURED GUARANTY LTD,FREDERICO DOMINIC,President/CEO/Deputy Chairman,"Jun 27, 2022",$57.21,86000,4920042,1293691,"Jun 29, 2022, 07:49 PM",sell
33,CNXN,PC CONNECTION INC,GALLUP PATRICIA,Chairman & Chief Admin Officer,"Jun 28, 2022",$44.48,2400,106743,2098520,"Jun 29, 2022, 07:37 PM",sell
34,CNXN,PC CONNECTION INC,GALLUP PATRICIA,Chairman & Chief Admin Officer,"Jun 27, 2022",$44.87,1853,83144,2100510,"Jun 29, 2022, 07:37 PM",sell
35,OSH,"Oak Street Health, Inc.",PRICE GEOFFREY M,Chief Innovation Officer,"Jun 29, 2022",$18.00,632,11376,1796070,"Jun 29, 2022, 07:31 PM",sell
36,OSH,"Oak Street Health, Inc.",PRICE GEOFFREY M,Chief Innovation Officer,"Jun 28, 2022",$18.56,96568,1791855,1814470,"Jun 29, 2022, 07:31 PM",sell
37,ORCL,ORACLE CORP,Screven Edward,Chief Corporate Architect,"Jun 29, 2022",$69.22,419174,29015225,2492613,"Jun 29, 2022, 07:09 PM",sell
38,ORCL,ORACLE CORP,Screven Edward,Chief Corporate Architect,"Jun 28, 2022",$70.84,280826,19893826,2492613,"Jun 29, 2022, 07:09 PM",sell
39,MTSI,"MACOM Technology Solutions Holdings, Inc.",Roth Ambra R.,"SVP, GC, HR & Secretary","Jun 27, 2022",$50.00,6903,345150,23681,"Jun 29, 2022, 07:08 PM",sell
40,TSLA,"Tesla, Inc.",Baglino Andrew D,SVP Powertrain and Energy Eng.,"Jun 27, 2022",$748.11,3500,2618385,20567,"Jun 29, 2022, 07:05 PM",sell
41,SERA,"SERA PROGNOSTICS, INC.",Boniface John J.,Chief Scientific Officer,"Jun 29, 2022",$1.72,1000,1720,57410,"Jun 29, 2022, 07:00 PM",sell
42,SERA,"SERA PROGNOSTICS, INC.",Boniface John J.,Chief Scientific Officer,"Jun 28, 2022",$1.89,2725,5150,57410,"Jun 29, 2022, 07:00 PM",sell
43,PGNY,"Progyny, Inc.",Anevski Peter,CHIEF EXECUTIVE OFFICER,"Jun 27, 2022",$31.21,20,624,162126,"Jun 29, 2022, 06:51 PM",sell
44,PGNY,"Progyny, Inc.",Anevski Peter,CHIEF EXECUTIVE OFFICER,"Jun 27, 2022",$31.21,80,2497,324916,"Jun 29, 2022, 06:51 PM",sell
45,DBX,"DROPBOX, INC.",Regan Timothy,Chief Financial Officer,"Jun 27, 2022",$22.60,2500,56500,532473,"Jun 29, 2022, 06:10 PM",sell
46,WTRH,Waitr Holdings Inc.,Green Jonathan,Director,"Jun 29, 2022",$0.15,238980,36325,0,"Jun 29, 2022, 06:06 PM",sell
47,WTRH,Waitr Holdings Inc.,Green Jonathan,Director,"Jun 28, 2022",$0.16,218784,35005,238980,"Jun 29, 2022, 06:06 PM",sell
48,WTRH,Waitr Holdings Inc.,Green Jonathan,Director,"Jun 27, 2022",$0.16,131558,21326,457764,"Jun 29, 2022, 06:06 PM",sell
49,TMDX,"TransMedics Group, Inc.",Carey John F,VP of Operations,"Jun 28, 2022",$32.87,2724,89538,379,"Jun 29, 2022, 06:05 PM",sell
50,RPRX,Royalty Pharma plc,RIGGS RORY B,Director,"Jun 29, 2022",$42.17,30000,1265238,421712,"Jun 29, 2022, 06:02 PM",sell
51,GULTU,Gulf Coast Ultra Deep Royalty Trust,SUBIN NEIL S,10% Owner,"Jun 27, 2022",$0.05,123102,6155,33588255,"Jun 29, 2022, 05:57 PM",sell
52,GULTU,Gulf Coast Ultra Deep Royalty Trust,SUBIN NEIL S,10% Owner,"Jun 27, 2022",$0.05,2853,143,778364,"Jun 29, 2022, 05:57 PM",sell
53,GULTU,Gulf Coast Ultra Deep Royalty Trust,SUBIN NEIL S,10% Owner,"Jun 27, 2022",$0.05,815,41,222371,"Jun 29, 2022, 05:57 PM",sell
54,GULTU,Gulf Coast Ultra Deep Royalty Trust,SUBIN NEIL S,10% Owner,"Jun 28, 2022",$0.05,7074,354,2253863,"Jun 29, 2022, 05:57 PM",sell
55,GULTU,Gulf Coast Ultra Deep Royalty Trust,SUBIN NEIL S,10% Owner,"Jun 28, 2022",$0.05,789,39,251409,"Jun 29, 2022, 05:57 PM",sell
56,GULTU,Gulf Coast Ultra Deep Royalty Trust,SUBIN NEIL S,10% Owner,"Jun 27, 2022",$0.05,5705,285,1556729,"Jun 29, 2022, 05:57 PM",sell
57,GULTU,Gulf Coast Ultra Deep Royalty Trust,SUBIN NEIL S,10% Owner,"Jun 27, 2022",$0.05,923,46,251961,"Jun 29, 2022, 05:57 PM",sell
58,GULTU,Gulf Coast Ultra Deep Royalty Trust,SUBIN NEIL S,10% Owner,"Jun 28, 2022",$0.05,11174,559,3560540,"Jun 29, 2022, 05:57 PM",sell
59,GULTU,Gulf Coast Ultra Deep Royalty Trust,SUBIN NEIL S,10% Owner,"Jun 28, 2022",$0.05,2435,122,775929,"Jun 29, 2022, 05:57 PM",sell
60,GULTU,Gulf Coast Ultra Deep Royalty Trust,SUBIN NEIL S,10% Owner,"Jun 28, 2022",$0.05,554,28,176232,"Jun 29, 2022, 05:57 PM",sell
61,GULTU,Gulf Coast Ultra Deep Royalty Trust,SUBIN NEIL S,10% Owner,"Jun 27, 2022",$0.05,8286,414,2260937,"Jun 29, 2022, 05:57 PM",sell
62,GULTU,Gulf Coast Ultra Deep Royalty Trust,SUBIN NEIL S,10% Owner,"Jun 27, 2022",$0.05,925,46,252198,"Jun 29, 2022, 05:57 PM",sell
63,GULTU,Gulf Coast Ultra Deep Royalty Trust,SUBIN NEIL S,10% Owner,"Jun 28, 2022",$0.05,105085,5254,33483170,"Jun 29, 2022, 05:57 PM",sell
64,GULTU,Gulf Coast Ultra Deep Royalty Trust,SUBIN NEIL S,10% Owner,"Jun 28, 2022",$0.05,2435,122,775929,"Jun 29, 2022, 05:57 PM",sell
65,GULTU,Gulf Coast Ultra Deep Royalty Trust,SUBIN NEIL S,10% Owner,"Jun 28, 2022",$0.05,696,35,221675,"Jun 29, 2022, 05:57 PM",sell
66,GULTU,Gulf Coast Ultra Deep Royalty Trust,SUBIN NEIL S,10% Owner,"Jun 27, 2022",$0.05,13090,655,3571714,"Jun 29, 2022, 05:57 PM",sell
67,GULTU,Gulf Coast Ultra Deep Royalty Trust,SUBIN NEIL S,10% Owner,"Jun 27, 2022",$0.05,2853,143,778364,"Jun 29, 2022, 05:57 PM",sell
68,GULTU,Gulf Coast Ultra Deep Royalty Trust,SUBIN NEIL S,10% Owner,"Jun 27, 2022",$0.05,648,32,176786,"Jun 29, 2022, 05:57 PM",sell
69,GULTU,Gulf Coast Ultra Deep Royalty Trust,SUBIN NEIL S,10% Owner,"Jun 28, 2022",$0.05,4870,244,1551859,"Jun 29, 2022, 05:57 PM",sell
70,GULTU,Gulf Coast Ultra Deep Royalty Trust,SUBIN NEIL S,10% Owner,"Jun 28, 2022",$0.05,788,39,251173,"Jun 29, 2022, 05:57 PM",sell
71,JAZZ,Jazz Pharmaceuticals plc,Pearce Samantha,"SVP, Head of Europe & Internat","Jun 27, 2022",$155.00,8508,1318740,11309,"Jun 29, 2022, 05:55 PM",sell
72,LBTY,Liberty Global plc,HALL BRYAN H,"EVP, Gen Counsel & Secretary","Jun 27, 2022",$23.32,12000,279845,143984,"Jun 29, 2022, 05:33 PM",sell
73,LBTY,Liberty Global plc,HALL BRYAN H,"EVP, Gen Counsel & Secretary","Jun 28, 2022",$22.67,11000,249349,125157,"Jun 29, 2022, 05:33 PM",sell
74,FDS,FACTSET RESEARCH SYSTEMS INC,Jordan Sheila B,Director,"Jun 28, 2022",$391.15,2572,1006038,177,"Jun 29, 2022, 05:32 PM",sell
75,ATEN,"A10 Networks, Inc.",COCHRAN ROBERT D,EVP Legal & Corp Collaboration,"Jun 27, 2022",$15.00,5000,75000,344161,"Jun 29, 2022, 05:31 PM",sell
76,SEMR,"SEMrush Holdings, Inc.",Fetisov Evgeny,Chief Financial Officer,"Jun 27, 2022",$14.22,2000,28440,142421,"Jun 29, 2022, 05:29 PM",sell
77,SWBI,"SMITH & WESSON BRANDS, INC.",FURMAN JOHN B,Director,"Jun 27, 2022",$15.64,5000,78200,37526,"Jun 29, 2022, 05:25 PM",sell
78,AMWL,American Well Corp,Gay Bradford,"Senior VP, General Counsel","Jun 27, 2022",$4.96,19450,96477,845840,"Jun 29, 2022, 05:22 PM",sell
79,HSY,HERSHEY CO,HERSHEY TRUST CO TRUSTEE IN TRUST FOR MILTON HERSHEY SCHOOL,10% Owner,"Jun 28, 2022",$219.89,181687,39951789,1147301,"Jun 29, 2022, 05:22 PM",sell
80,HSY,HERSHEY CO,HERSHEY TRUST CO TRUSTEE IN TRUST FOR MILTON HERSHEY SCHOOL,10% Owner,"Jun 27, 2022",$221.32,218182,48289067,1328988,"Jun 29, 2022, 05:22 PM",sell
81,MLNK,"MeridianLink, Inc.",Arnold Alan R.,Chief Operating Officer,"Jun 29, 2022",$17.05,19506,332521,503441,"Jun 29, 2022, 05:13 PM",sell
82,MLNK,"MeridianLink, Inc.",Arnold Alan R.,Chief Operating Officer,"Jun 28, 2022",$17.40,33435,581899,522947,"Jun 29, 2022, 05:13 PM",sell
83,MLNK,"MeridianLink, Inc.",Arnold Alan R.,Chief Operating Officer,"Jun 27, 2022",$17.84,37040,660771,556382,"Jun 29, 2022, 05:13 PM",sell
84,TRVN,TREVENA INC,Shin Barry,"SVP, CFO","Jun 28, 2022",$0.41,31785,13032,873056,"Jun 29, 2022, 05:12 PM",sell
85,OKTA,"Okta, Inc.",Kerrest Jacques Frederic,See Remarks,"Jun 27, 2022",$99.16,100,9916,16639,"Jun 29, 2022, 05:07 PM",sell
86,OKTA,"Okta, Inc.",Kerrest Jacques Frederic,See Remarks,"Jun 27, 2022",$99.14,200,19828,62,"Jun 29, 2022, 05:07 PM",sell
87,PGNY,"Progyny, Inc.",Schlanger David J,EXECUTIVE CHAIRMAN,"Jun 27, 2022",$31.21,1452,45317,82548,"Jun 29, 2022, 04:50 PM",sell
88,ATRA,"Atara Biotherapeutics, Inc.",Touchon Pascal,President and CEO,"Jun 27, 2022",$7.20,14220,102384,472093,"Jun 29, 2022, 04:48 PM",sell
89,CXW,"CoreCivic, Inc.",Mayberry Lucibeth,"EVP, Real Estate","Jun 28, 2022",$11.37,75000,853088,229799,"Jun 29, 2022, 04:46 PM",sell
90,CHEF,"Chefs' Warehouse, Inc.",Aldous Alexandros,General Counsel,"Jun 27, 2022",$40.00,20000,800000,116367,"Jun 29, 2022, 04:33 PM",sell
91,SCX,STARRETT L S CO,Leme Emerson,Vice President NA Industrial,"Jun 22, 2022",$6.99,1703,11904,42797,"Jun 29, 2022, 04:33 PM",sell
92,SCX,STARRETT L S CO,Leme Emerson,Vice President NA Industrial,"Jun 21, 2022",$6.96,500,3480,44500,"Jun 29, 2022, 04:33 PM",sell
93,SCX,STARRETT L S CO,Leme Emerson,Vice President NA Industrial,"Jun 27, 2022",$7.00,6941,48587,31756,"Jun 29, 2022, 04:33 PM",sell
94,SCX,STARRETT L S CO,Leme Emerson,Vice President NA Industrial,"Jun 17, 2022",$7.20,200,1440,45000,"Jun 29, 2022, 04:33 PM",sell
95,SCX,STARRETT L S CO,Leme Emerson,Vice President NA Industrial,"Jun 26, 2022",$7.06,300,2118,38697,"Jun 29, 2022, 04:33 PM",sell
96,SCX,STARRETT L S CO,Leme Emerson,Vice President NA Industrial,"Jun 24, 2022",$6.93,3800,26334,38997,"Jun 29, 2022, 04:33 PM",sell
97,RCMT,"RCM TECHNOLOGIES, INC.",MILLER KEVIN D,CFO,"Jun 28, 2022",$24.10,3363,81050,580387,"Jun 29, 2022, 04:30 PM",sell
98,RCMT,"RCM TECHNOLOGIES, INC.",MILLER KEVIN D,CFO,"Jun 27, 2022",$24.00,16250,390067,583750,"Jun 29, 2022, 04:30 PM",sell
99,FTCI,"FTC Solar, Inc.",ARC Family Trust,10% Owner,"Jun 28, 2022",$3.74,85000,317900,20101357,"Jun 29, 2022, 04:30 PM",sell
100,FTCI,"FTC Solar, Inc.",ARC Family Trust,10% Owner,"Jun 27, 2022",$4.31,99000,426690,20186357,"Jun 29, 2022, 04:30 PM",sell
1,ABNB,"Airbnb, Inc.",Gebbia Joseph,See Remarks,"Jun 27, 2022",$100.85,438641,44238656,3396242,"Jun 29, 2022, 04:30 PM",sell
2,ABNB,"Airbnb, Inc.",Gebbia Joseph,See Remarks,"Jun 27, 2022",$100.85,15525,1565668,210888,"Jun 29, 2022, 04:30 PM",sell
3,LDI,"loanDepot, Inc.",FLANAGAN PATRICK J,Chief Financial Officer,"Jun 27, 2022",$1.40,79407,111233,861349,"Jun 29, 2022, 04:28 PM",sell
4,LDI,"loanDepot, Inc.",FLANAGAN PATRICK J,Chief Financial Officer,"Jun 27, 2022",$1.40,133416,186902,725565,"Jun 29, 2022, 04:28 PM",sell
5,NBIX,NEUROCRINE BIOSCIENCES INC,Cooke Julie,Chief Human Resources Officer,"Jun 27, 2022",$100.00,754,75400,16918,"Jun 29, 2022, 04:26 PM",sell
6,LDI,"loanDepot, Inc.",Walsh Jeff Alexander,"Sr. EVP, Chief Revenue Officer","Jun 27, 2022",$1.40,200000,280220,6172543,"Jun 29, 2022, 04:26 PM",sell
7,APLS,"Apellis Pharmaceuticals, Inc.",Dunlop A. Sinclair,Director,"Jun 27, 2022",$46.79,1341,62743,1341,"Jun 29, 2022, 04:18 PM",sell
8,BAH,Booz Allen Hamilton Holding Corp,ROZANSKI HORACIO,President and CEO,"Jun 27, 2022",$88.98,40000,3559200,599692,"Jun 29, 2022, 04:08 PM",sell
9,BAH,Booz Allen Hamilton Holding Corp,Dahut Karen M,Executive Vice President,"Jun 27, 2022",$89.06,50068,4459056,144768,"Jun 29, 2022, 04:07 PM",sell
10,XYL,Xylem Inc.,Yarkadas Hayati,Senior Vice President,"Jun 27, 2022",$80.06,5898,472212,9556,"Jun 29, 2022, 04:04 PM",sell
11,DASH,"DoorDash, Inc.",Sherringham Tia,General Counsel and Secretary,"Jun 27, 2022",$74.25,625,46406,167959,"Jun 29, 2022, 04:04 PM",sell
12,DASH,"DoorDash, Inc.",Brown Shona L,Director,"Jun 27, 2022",$71.24,935,66612,91293,"Jun 29, 2022, 04:03 PM",sell
13,TRDA,"Entrada Therapeutics, Inc.",Dowden Nathan J,Chief Operating Officer,"Jun 27, 2022",$13.00,7714,100282,64893,"Jun 29, 2022, 04:02 PM",sell
14,IBKR,"Interactive Brokers Group, Inc.",Peterffy Thomas,Chairman,"Jun 28, 2022",$57.94,20000,1158710,2031411,"Jun 29, 2022, 04:02 PM",sell
15,IBKR,"Interactive Brokers Group, Inc.",Peterffy Thomas,Chairman,"Jun 27, 2022",$58.10,20000,1162000,2047511,"Jun 29, 2022, 04:02 PM",sell
16,TRDA,"Entrada Therapeutics, Inc.",Doshi Dipal,President and CEO,"Jun 27, 2022",$12.00,4000,48000,210710,"Jun 29, 2022, 04:02 PM",sell
17,SEDG,"SOLAREDGE TECHNOLOGIES, INC.",Prishkolnik Rachel,"VP,GC&Corporate Secretary","Jun 27, 2022",$301.58,1900,573002,13619,"Jun 29, 2022, 03:01 PM",sell
18,SEDG,"SOLAREDGE TECHNOLOGIES, INC.",Adest Meir,Chief Product Officer,"Jun 28, 2022",$300.27,96,28826,183661,"Jun 29, 2022, 03:00 PM",sell
19,SEDG,"SOLAREDGE TECHNOLOGIES, INC.",Adest Meir,Chief Product Officer,"Jun 27, 2022",$301.58,2300,693639,185019,"Jun 29, 2022, 03:00 PM",sell
20,NXST,"NEXSTAR MEDIA GROUP, INC.",WEITMAN GARY,See Remarks,"Jun 28, 2022",$168.20,3202,538587,2783,"Jun 29, 2022, 02:06 PM",sell
21,WBBA,"WB Burgers Asia, Inc.","White Knight Co., Ltd.",10% Owner,"Mar 29, 2022",$0.20,869565,173913,537117659,"Jun 29, 2022, 01:42 PM",sell
22,MIXT,MiX Telematics Ltd,Dell Paul M,Chief Accounting Officer,"Jun 28, 2022",$0.35,189,66,99421,"Jun 29, 2022, 12:35 PM",sell
23,MIXT,MiX Telematics Ltd,Dell Paul M,Chief Accounting Officer,"Jun 27, 2022",$0.35,103,36,99610,"Jun 29, 2022, 12:35 PM",sell
24,MIXT,MiX Telematics Ltd,Pretorius Gert,Executive Vice President,"Jun 28, 2022",$0.35,708,248,1448876,"Jun 29, 2022, 12:35 PM",sell
25,MIXT,MiX Telematics Ltd,Lewis Catherine J,Executive Vice President,"Jun 28, 2022",$0.35,319,112,2150952,"Jun 29, 2022, 12:33 PM",sell
26,LLY,ELI LILLY & Co,LILLY ENDOWMENT INC,10% Owner,"Jun 28, 2022",$329.01,900,296109,104161053,"Jun 29, 2022, 11:31 AM",sell
27,LEA,LEAR CORP,SCOTT RAYMOND E,President and CEO,"Jun 27, 2022",$134.92,6143,828814,54097,"Jun 29, 2022, 11:00 AM",sell
28,SMFL,"SMART FOR LIFE, INC.",Altbach Ronald S.,Director,"Jun 09, 2022",$0.44,4505,2000,245495,"Jun 29, 2022, 10:35 AM",sell
29,FBNC,FIRST BANCORP /NC/,Capel Mary Clara,Director,"Jun 27, 2022",$35.50,383,13597,12782,"Jun 29, 2022, 10:30 AM",sell
30,SBFG,"SB FINANCIAL GROUP, INC.",HARDGROVE RICHARD L,Director,"Jun 27, 2022",$17.32,533,9229,18089,"Jun 29, 2022, 10:07 AM",sell
31,RACB,Research Alliance Corp. II,"Saba Capital Management, L.P.",10% Owner,"Jun 28, 2022",$9.80,40990,401702,1909584,"Jun 29, 2022, 09:29 AM",sell
32,VZIO,Vizio Holding Corp.,AmTRAN Technology Co. Ltd.,10% Owner,"Jun 28, 2022",$8.08,38790,313423,13147087,"Jun 29, 2022, 07:59 AM",sell
33,RH,RH,Krane Hilary K,Director,"Jun 27, 2022",$270.50,138,37329,6702,"Jun 28, 2022, 09:45 PM",sell
34,PD,"PagerDuty, Inc.",Tejada Jennifer,Chief Executive Officer,"Jun 24, 2022",$28.14,75000,2110815,37952,"Jun 28, 2022, 09:27 PM",sell
35,VLDR,"Velodyne Lidar, Inc.",Hall David S.,Affiliate,"Jun 28, 2022",$1.14,750000,857250,5760160,"Jun 28, 2022, 08:12 PM",sell
36,VLDR,"Velodyne Lidar, Inc.",Hall David S.,Affiliate,"Jun 27, 2022",$1.17,462806,539586,6510160,"Jun 28, 2022, 08:12 PM",sell
37,SWAV,"Shockwave Medical, Inc.",Zacharias Isaac,"President, CCO","Jun 27, 2022",$198.00,4000,792000,78563,"Jun 28, 2022, 08:01 PM",sell
38,BLFS,BIOLIFE SOLUTIONS INC,Wichterman Troy,Chief Financial Officer,"Jun 24, 2022",$15.95,456,7273,44799,"Jun 28, 2022, 08:00 PM",sell
39,ZEN,"Zendesk, Inc.",Gennaro Norman,President of Sales,"Jun 24, 2022",$75.50,7000,528500,29813,"Jun 28, 2022, 07:55 PM",sell
40,OCX,Oncocyte Corp,"PURA VIDA INVESTMENTS, LLC",10% Owner,"Jun 24, 2022",$1.03,52981,54713,8520146,"Jun 28, 2022, 07:48 PM",sell
41,OCX,Oncocyte Corp,"PURA VIDA INVESTMENTS, LLC",10% Owner,"Jun 24, 2022",$1.03,46405,47922,7462643,"Jun 28, 2022, 07:48 PM",sell
42,CDMO,"Avid Bioservices, Inc.",Hancock Richard B,Director,"Jun 24, 2022",$16.02,2463,39454,40188,"Jun 28, 2022, 07:38 PM",sell
43,CDMO,"Avid Bioservices, Inc.",Hancock Richard B,Director,"Jun 27, 2022",$16.07,7537,121086,38936,"Jun 28, 2022, 07:38 PM",sell
44,CRM,"Salesforce, Inc.",Benioff Marc,Chairman and Co-CEO,"Jun 28, 2022",$175.40,2300,403413,28763062,"Jun 28, 2022, 07:22 PM",sell
45,ALT,"Altimmune, Inc.",Roberts M Scot,Chief Scientific Officer,"Jun 27, 2022",$12.00,37352,448254,17700,"Jun 28, 2022, 07:00 PM",sell
46,HRMY,"Harmony Biosciences Holdings, Inc.",Nielsen Jack,Director,"Jun 27, 2022",$52.37,86209,4514765,3750044,"Jun 28, 2022, 06:34 PM",sell
47,HRMY,"Harmony Biosciences Holdings, Inc.",Nielsen Jack,Director,"Jun 24, 2022",$52.06,11528,600148,3836253,"Jun 28, 2022, 06:34 PM",sell
48,HRMY,"Harmony Biosciences Holdings, Inc.",Nielsen Jack,Director,"Jun 28, 2022",$52.10,2726,142025,3747318,"Jun 28, 2022, 06:34 PM",sell
49,PLYA,Playa Hotels & Resorts N.V.,Peterson Karl Mr.,Director,"Jun 27, 2022",$7.00,20000,140000,2874033,"Jun 28, 2022, 06:33 PM",sell
50,UPST,"Upstart Holdings, Inc.",Nicoll Alison,General Counsel and Secretary,"Jun 24, 2022",$40.31,15000,604576,412983,"Jun 28, 2022, 06:32 PM",sell
51,PLTR,Palantir Technologies Inc.,Taylor Ryan D.,See Remarks,"Jun 24, 2022",$10.11,77607,784591,606526,"Jun 28, 2022, 06:27 PM",sell
52,PLTR,Palantir Technologies Inc.,Buckley Jeffrey,See Remarks,"Jun 24, 2022",$10.00,21342,213420,368081,"Jun 28, 2022, 06:25 PM",sell
53,SFM,"Sprouts Farmers Market, Inc.",Sinclair Jack,Chief Executive Officer,"Jun 27, 2022",$25.65,26536,680648,293591,"Jun 28, 2022, 06:19 PM",sell
54,UBX,"Unity Biotechnology, Inc.",Dananberg Jamie,Chief Medical Officer,"Jun 27, 2022",$0.59,4398,2595,672136,"Jun 28, 2022, 06:11 PM",sell
55,UBX,"Unity Biotechnology, Inc.",Ghosh Anirvan,Chief Executive Officer,"Jun 27, 2022",$0.59,12149,7168,1007362,"Jun 28, 2022, 06:07 PM",sell
56,MNMD,Mind Medicine (MindMed) Inc.,Barrow Robert,Chief Executive Officer,"Jun 27, 2022",$0.70,36762,25733,3918857,"Jun 28, 2022, 06:05 PM",sell
57,MNMD,Mind Medicine (MindMed) Inc.,Karlin Dan,Chief Medical Officer,"Jun 27, 2022",$0.70,26238,18367,4051481,"Jun 28, 2022, 06:04 PM",sell
58,RLAY,"Relay Therapeutics, Inc.",Porter Andy,Chief Administrative Officer,"Jun 27, 2022",$20.31,265,5382,46323,"Jun 28, 2022, 06:03 PM",sell
59,TNET,"TRINET GROUP, INC.",Goldfield Burton M.,"PRESIDENT, CEO and DIRECTOR","Jun 24, 2022",$75.60,6250,472489,229718,"Jun 28, 2022, 06:02 PM",sell
60,CDNS,CADENCE DESIGN SYSTEMS INC,TAN LIP BU,Director,"Jun 24, 2022",$153.88,50000,7694194,641418,"Jun 28, 2022, 06:02 PM",sell
61,RLAY,"Relay Therapeutics, Inc.",Catinazzo Thomas,Chief Financial Officer,"Jun 27, 2022",$20.31,300,6093,52952,"Jun 28, 2022, 05:59 PM",sell
62,ACHR,Archer Aviation Inc.,Goldstein Adam D,Chief Executive Officer,"Jun 24, 2022",$4.08,2700000,11022480,0,"Jun 28, 2022, 05:58 PM",sell
63,NRDY,Nerdy Inc.,"LIGHT STREET CAPITAL MANAGEMENT, LLC",10% Owner,"Jun 24, 2022",$2.86,6100,17445,9033943,"Jun 28, 2022, 05:57 PM",sell
64,RBOT,Vicarious Surgical Inc.,Sachs Adam David,President and CEO,"Jun 28, 2022",$3.20,8578,27410,1299590,"Jun 28, 2022, 05:57 PM",sell
65,RBOT,Vicarious Surgical Inc.,Sachs Adam David,President and CEO,"Jun 27, 2022",$3.45,11329,39127,1308168,"Jun 28, 2022, 05:57 PM",sell
66,RLAY,"Relay Therapeutics, Inc.",Adams Brian,Chief Legal Officer,"Jun 27, 2022",$20.31,300,6093,63576,"Jun 28, 2022, 05:56 PM",sell
67,PHR,"Phreesia, Inc.",Davidoff Michael J.,"SVP, Payer Business","Jun 24, 2022",$25.11,5046,126705,110509,"Jun 28, 2022, 05:56 PM",sell
68,RLAY,"Relay Therapeutics, Inc.",Bergstrom Donald A,"President, R&D","Jun 27, 2022",$20.31,999,20290,91494,"Jun 28, 2022, 05:53 PM",sell
69,RLAY,"Relay Therapeutics, Inc.",Bergstrom Donald A,"President, R&D","Jun 24, 2022",$20.00,8000,160000,92493,"Jun 28, 2022, 05:53 PM",sell
70,BGNE,"BeiGene, Ltd.",Wang Lai,Global Head of R&D,"Jun 27, 2022",$177.32,458,81215,0,"Jun 28, 2022, 05:32 PM",sell
71,ZTS,Zoetis Inc.,Lagano Roxanne,Executive Vice President,"Jun 27, 2022",$175.00,4334,758450,23687,"Jun 28, 2022, 05:29 PM",sell
72,CRM,"Salesforce, Inc.",Benioff Marc,Chairman and Co-CEO,"Jun 27, 2022",$182.05,2300,418706,28762347,"Jun 28, 2022, 05:25 PM",sell
73,ZETA,Zeta Global Holdings Corp.,Ravella Satish,"Senior Vice President, Finance","Jun 27, 2022",$5.23,1576,8249,237652,"Jun 28, 2022, 05:17 PM",sell
74,PCVX,"Vaxcyte, Inc.",PICKERING GRANT,Chief Executive Officer,"Jun 24, 2022",$21.01,747,15696,694456,"Jun 28, 2022, 05:14 PM",sell
75,PCVX,"Vaxcyte, Inc.",PICKERING GRANT,Chief Executive Officer,"Jun 28, 2022",$21.00,10000,210000,345660,"Jun 28, 2022, 05:14 PM",sell
76,SYBT,"Stock Yards Bancorp, Inc.",Rehm Michael,Executive Vice President,"Jun 28, 2022",$59.52,500,29759,10613,"Jun 28, 2022, 05:11 PM",sell
77,TYME,"TYME TECHNOLOGIES, INC.",Demurjian Michael,10% Owner,"Jun 28, 2022",$0.27,60000,16074,23048846,"Jun 28, 2022, 05:08 PM",sell
78,GO,Grocery Outlet Holding Corp.,Sheedy Robert Joseph Jr.,President,"Jun 27, 2022",$43.12,6667,287481,66242,"Jun 28, 2022, 05:07 PM",sell
79,PCT,"PureCycle Technologies, Inc.",Scott John Stewart,Director,"Jun 27, 2022",$7.68,92000,706523,1435709,"Jun 28, 2022, 05:06 PM",sell
80,NDAQ,"NASDAQ, INC.",SKULE JEREMY,Executive Vice President,"Jun 24, 2022",$160.00,1400,224000,21504,"Jun 28, 2022, 05:05 PM",sell
81,GO,Grocery Outlet Holding Corp.,Lindberg Eric J. Jr.,Chief Executive Officer,"Jun 27, 2022",$43.13,25000,1078250,76114,"Jun 28, 2022, 05:03 PM",sell
82,LOTZ,"CarLotz, Inc.",Peker Lev,CEO,"Jun 24, 2022",$0.46,18923,8780,80915,"Jun 28, 2022, 04:47 PM",sell
83,PB,PROSPERITY BANCSHARES INC,Fisk George A.,Director,"Jun 28, 2022",$70.38,1100,77418,92511,"Jun 28, 2022, 04:40 PM",sell
84,PB,PROSPERITY BANCSHARES INC,Fisk George A.,Director,"Jun 27, 2022",$69.50,1200,83400,93611,"Jun 28, 2022, 04:40 PM",sell
85,UTHR,UNITED THERAPEUTICS Corp,CAUSEY CHRISTOPHER,Director,"Jun 27, 2022",$236.79,5000,1183950,675,"Jun 28, 2022, 04:37 PM",sell
86,QTNT,Quotient Ltd,Buckle Isabelle,Director,"May 02, 2022",$0.52,2209,1156,29207,"Jun 28, 2022, 04:35 PM",sell
87,QTNT,Quotient Ltd,McDonough Brian,Director,"May 02, 2022",$0.52,2124,1111,71694,"Jun 28, 2022, 04:35 PM",sell
88,DLR,"DIGITAL REALTY TRUST, INC.",Corey Dyer,"EVP, CHIEF REVENUE OFFICER","Jun 24, 2022",$137.27,2504,343724,11689,"Jun 28, 2022, 04:35 PM",sell
89,UTHR,UNITED THERAPEUTICS Corp,Olian Judy D.,Director,"Jun 27, 2022",$240.34,10000,2403440,8930,"Jun 28, 2022, 04:30 PM",sell
90,ARQT,"Arcutis Biotherapeutics, Inc.",ORBIMED ADVISORS LLC,10% Owner,"Jun 24, 2022",$21.31,341971,7287402,3534537,"Jun 28, 2022, 04:29 PM",sell
91,TREC,TRECORA RESOURCES,Carter Nicholas,Director,"Jan 15, 2020",$7.10,5000,35500,408892,"Jun 28, 2022, 04:22 PM",sell
92,RBOT,Vicarious Surgical Inc.,Morris June,"CLO, GC and Secretary","Jun 27, 2022",$3.61,2266,8180,343347,"Jun 28, 2022, 04:18 PM",sell
93,SPXC,SPX CORP,Swann John William III,"Pres., Heating and Location &","Jun 24, 2022",$55.10,12422,684452,83472,"Jun 28, 2022, 04:15 PM",sell
94,CELC,Celcuity Inc.,Buller Richard E,Director,"Jun 24, 2022",$9.47,300,2841,10498,"Jun 28, 2022, 04:13 PM",sell
95,FET,"FORUM ENERGY TECHNOLOGIES, INC.","SCF Partners, Inc.",Member of Group,"Apr 29, 2022",$21.18,1213,25692,45890,"Jun 28, 2022, 04:11 PM",sell
96,FET,"FORUM ENERGY TECHNOLOGIES, INC.","SCF Partners, Inc.",Member of Group,"Apr 28, 2022",$21.65,10000,216462,51184,"Jun 28, 2022, 04:11 PM",sell
97,FET,"FORUM ENERGY TECHNOLOGIES, INC.","SCF Partners, Inc.",Member of Group,"Apr 28, 2022",$21.68,10000,216830,47103,"Jun 28, 2022, 04:11 PM",sell
98,FET,"FORUM ENERGY TECHNOLOGIES, INC.","SCF Partners, Inc.",Member of Group,"Apr 27, 2022",$21.34,8000,170738,61184,"Jun 28, 2022, 04:11 PM",sell
99,FET,"FORUM ENERGY TECHNOLOGIES, INC.","SCF Partners, Inc.",Member of Group,"Apr 27, 2022",$21.34,8000,170710,57103,"Jun 28, 2022, 04:11 PM",sell
100,FET,"FORUM ENERGY TECHNOLOGIES, INC.","SCF Partners, Inc.",Member of Group,"Apr 26, 2022",$21.65,3700,80093,69184,"Jun 28, 2022, 04:11 PM",sell
101,FET,"FORUM ENERGY TECHNOLOGIES, INC.","SCF Partners, Inc.",Member of Group,"May 02, 2022",$21.07,3000,63217,46971,"Jun 28, 2022, 04:11 PM",sell
102,FET,"FORUM ENERGY TECHNOLOGIES, INC.","SCF Partners, Inc.",Member of Group,"Apr 26, 2022",$21.74,3773,82043,65103,"Jun 28, 2022, 04:11 PM",sell
103,FET,"FORUM ENERGY TECHNOLOGIES, INC.","SCF Partners, Inc.",Member of Group,"May 02, 2022",$21.11,3000,63332,42890,"Jun 28, 2022, 04:11 PM",sell
104,FET,"FORUM ENERGY TECHNOLOGIES, INC.","SCF Partners, Inc.",Member of Group,"Apr 29, 2022",$21.29,1213,25819,49971,"Jun 28, 2022, 04:11 PM",sell
1,FET,"FORUM ENERGY TECHNOLOGIES, INC.","SCF Partners, Inc.",Member of Group,"May 02, 2022",$21.11,3000,63332,42890,"Jun 28, 2022, 04:11 PM",sell
2,FET,"FORUM ENERGY TECHNOLOGIES, INC.","SCF Partners, Inc.",Member of Group,"Apr 29, 2022",$21.29,1213,25819,49971,"Jun 28, 2022, 04:11 PM",sell
3,FET,"FORUM ENERGY TECHNOLOGIES, INC.","SCF Partners, Inc.",Member of Group,"Apr 26, 2022",$21.74,3773,82043,65103,"Jun 28, 2022, 04:11 PM",sell
4,FET,"FORUM ENERGY TECHNOLOGIES, INC.","SCF Partners, Inc.",Member of Group,"Apr 29, 2022",$21.18,1213,25692,45890,"Jun 28, 2022, 04:11 PM",sell
5,FET,"FORUM ENERGY TECHNOLOGIES, INC.","SCF Partners, Inc.",Member of Group,"Apr 28, 2022",$21.65,10000,216462,51184,"Jun 28, 2022, 04:11 PM",sell
6,FET,"FORUM ENERGY TECHNOLOGIES, INC.","SCF Partners, Inc.",Member of Group,"Apr 28, 2022",$21.68,10000,216830,47103,"Jun 28, 2022, 04:11 PM",sell
7,FET,"FORUM ENERGY TECHNOLOGIES, INC.","SCF Partners, Inc.",Member of Group,"Apr 27, 2022",$21.34,8000,170738,61184,"Jun 28, 2022, 04:11 PM",sell
8,FET,"FORUM ENERGY TECHNOLOGIES, INC.","SCF Partners, Inc.",Member of Group,"Apr 26, 2022",$21.65,3700,80093,69184,"Jun 28, 2022, 04:11 PM",sell
9,FET,"FORUM ENERGY TECHNOLOGIES, INC.","SCF Partners, Inc.",Member of Group,"May 02, 2022",$21.07,3000,63217,46971,"Jun 28, 2022, 04:11 PM",sell
10,FET,"FORUM ENERGY TECHNOLOGIES, INC.","SCF Partners, Inc.",Member of Group,"Apr 27, 2022",$21.34,8000,170710,57103,"Jun 28, 2022, 04:11 PM",sell
11,TDOC,"Teladoc Health, Inc.",Murthy Mala,CHIEF FINANCIAL OFFICER,"Jun 27, 2022",$37.32,4053,151242,27295,"Jun 28, 2022, 04:10 PM",sell
12,DBX,"DROPBOX, INC.",Young Timothy H.,President,"Jun 24, 2022",$22.29,15000,334358,1632257,"Jun 28, 2022, 04:10 PM",sell
13,CPB,CAMPBELL SOUP CO,Polomski Stanley,Senior VP and Controller,"Jun 27, 2022",$48.20,10335,498147,28176,"Jun 28, 2022, 04:10 PM",sell
14,BRZE,"Braze, Inc.",Hyman Jonathan,Chief Technology Officer,"Jun 27, 2022",$40.03,10000,400265,8800,"Jun 28, 2022, 04:09 PM",sell
15,BRZE,"Braze, Inc.",Hyman Jonathan,Chief Technology Officer,"Jun 24, 2022",$40.00,10000,400000,0,"Jun 28, 2022, 04:09 PM",sell
16,HSY,HERSHEY CO,Raup Charles R,"President, U.S.","Jun 27, 2022",$220.90,1512,334001,16737,"Jun 28, 2022, 04:07 PM",sell
17,AGL,"agilon health, inc.",Desai Veeral,Chief Strategy & Dev. Officer,"Jun 24, 2022",$22.50,106357,2393033,278211,"Jun 28, 2022, 04:07 PM",sell
18,SMTI,Sanara MedTech Inc.,Fleming Zachary B.,Chief Executive Officer,"Jun 24, 2022",$21.00,457,9597,39313,"Jun 28, 2022, 04:05 PM",sell
19,ALT,"Altimmune, Inc.",Jorkasky Diane,Director,"Jun 27, 2022",$11.75,17610,206944,0,"Jun 28, 2022, 04:05 PM",sell
20,VRTX,VERTEX PHARMACEUTICALS INC / MA,Kewalramani Reshma,CEO & President,"Jun 24, 2022",$291.30,11689,3405006,111153,"Jun 28, 2022, 04:05 PM",sell
21,ALBO,"ALBIREO PHARMA, INC.",Stephenson Pamela,Chief Commercial Officer,"Jun 27, 2022",$19.47,461,8976,45755,"Jun 28, 2022, 04:02 PM",sell
22,GPRO,"GoPro, Inc.",Jahnke Dean,"SVP, Global Sales, CM, RE","Jun 24, 2022",$6.12,14089,86246,248339,"Jun 28, 2022, 04:02 PM",sell
23,JSPR,"Jasper Therapeutics, Inc.",Lis William,Director,"Jun 27, 2022",$2.08,24743,51404,40486,"Jun 28, 2022, 04:01 PM",sell
24,JSPR,"Jasper Therapeutics, Inc.",Lis William,Director,"Jun 24, 2022",$2.02,24743,50030,65229,"Jun 28, 2022, 04:01 PM",sell
25,DNLI,Denali Therapeutics Inc.,Tessier-Lavigne Marc,Director,"Mar 23, 2022",$33.83,20000,676583,2035968,"Jun 28, 2022, 03:07 PM",sell
26,LLY,ELI LILLY & Co,LILLY ENDOWMENT INC,10% Owner,"Jun 27, 2022",$329.05,41857,13772837,104161953,"Jun 28, 2022, 01:54 PM",sell
27,SYBT,"Stock Yards Bancorp, Inc.",Poindexter Philip,President,"Jun 27, 2022",$59.18,3219,190490,41040,"Jun 28, 2022, 11:54 AM",sell
28,VZIO,Vizio Holding Corp.,AmTRAN Technology Co. Ltd.,10% Owner,"Jun 27, 2022",$8.08,70000,565600,13185877,"Jun 28, 2022, 11:36 AM",sell
29,VIVO,MERIDIAN BIOSCIENCE INC,Kenny John P.,Chief Executive Officer,"Jun 27, 2022",$30.39,61437,1866788,265131,"Jun 28, 2022, 09:42 AM",sell
30,VIVO,MERIDIAN BIOSCIENCE INC,Kenny John P.,Chief Executive Officer,"Jun 24, 2022",$30.00,13559,406836,265131,"Jun 28, 2022, 09:42 AM",sell
31,SLDP,"Solid Power, Inc.","Volta Energy Technologies, LLC",10% Owner,"Jun 24, 2022",$6.25,33824,211403,3137745,"Jun 28, 2022, 09:00 AM",sell
32,SLDP,"Solid Power, Inc.","Volta Energy Technologies, LLC",10% Owner,"Jun 24, 2022",$6.25,187402,1171281,2246794,"Jun 28, 2022, 09:00 AM",sell
33,SLDP,"Solid Power, Inc.","Volta Energy Technologies, LLC",10% Owner,"Jun 24, 2022",$6.25,235853,1474105,12015268,"Jun 28, 2022, 09:00 AM",sell
34,BMEA,"Biomea Fusion, Inc.","A2A Pharmaceuticals, Inc.",10% Owner,"Jun 24, 2022",$11.76,34658,407578,4365342,"Jun 28, 2022, 07:51 AM",sell
35,PNRG,PRIMEENERGY RESOURCES CORP,DE ROTHSCHILD ROBERT,10% Owner,"Jun 23, 2022",$77.93,1721,134120,385216,"Jun 27, 2022, 09:33 PM",sell
36,PNRG,PRIMEENERGY RESOURCES CORP,DE ROTHSCHILD ROBERT,10% Owner,"Jun 27, 2022",$76.02,1558,118439,382058,"Jun 27, 2022, 09:33 PM",sell
37,MNRL,"Brigham Minerals, Inc.","PBRA, LLC",Director,"Jun 23, 2022",$25.21,3803,95886,0,"Jun 27, 2022, 09:02 PM",sell
38,MNRL,"Brigham Minerals, Inc.","PBRA, LLC",Director,"Jun 23, 2022",$25.21,23638,595992,0,"Jun 27, 2022, 09:02 PM",sell
39,MNRL,"Brigham Minerals, Inc.","PBRA, LLC",Director,"Jun 23, 2022",$25.21,14062,354549,0,"Jun 27, 2022, 09:02 PM",sell
40,ADAP,Adaptimmune Therapeutics PLC,Rawcliffe Adrian,Chief Executive Officer,"Jun 27, 2022",$1.63,2562,4176,3290,"Jun 27, 2022, 09:01 PM",sell
41,TOST,"Toast, Inc.","Technology Investment Dining Group, LLC",10% Owner,"Jun 27, 2022",$14.72,341156,5021816,8618317,"Jun 27, 2022, 08:00 PM",sell
42,TOST,"Toast, Inc.","Technology Investment Dining Group, LLC",10% Owner,"Jun 24, 2022",$15.02,1500000,22530001,8959473,"Jun 27, 2022, 08:00 PM",sell
43,TOST,"Toast, Inc.","Technology Investment Dining Group, LLC",10% Owner,"Jun 23, 2022",$14.81,548352,8119303,10722787,"Jun 27, 2022, 08:00 PM",sell
44,TMDX,"TransMedics Group, Inc.",Carey John F,VP of Operations,"Jun 27, 2022",$32.59,3320,108199,379,"Jun 27, 2022, 07:59 PM",sell
45,TMDX,"TransMedics Group, Inc.",Carey John F,VP of Operations,"Jun 24, 2022",$32.57,2956,96277,379,"Jun 27, 2022, 07:59 PM",sell
46,HYMC,HYCROFT MINING HOLDING CORP,Sprott Eric,10% Owner,"Jun 24, 2022",$1.27,5000000,6375000,18408240,"Jun 27, 2022, 07:42 PM",sell
47,DUOL,"Duolingo, Inc.",Hacker Severin,"Chief Tech Officer, Co-Founder","Jun 23, 2022",$98.39,20000,1967803,19600,"Jun 27, 2022, 07:13 PM",sell
48,DUOL,"Duolingo, Inc.",Chen Stephen C.,General Counsel,"Jun 24, 2022",$103.52,25358,2625109,46394,"Jun 27, 2022, 07:11 PM",sell
49,ROIV,Roivant Sciences Ltd.,Kumar Rakhi,Chief Accounting Officer,"Jun 23, 2022",$4.34,1635,7096,146021,"Jun 27, 2022, 07:00 PM",sell
50,ROIV,Roivant Sciences Ltd.,Gline Matthew,CEO,"Jun 23, 2022",$4.34,19855,86171,1244802,"Jun 27, 2022, 07:00 PM",sell
51,ROIV,Roivant Sciences Ltd.,Venker Eric,President & COO,"Jun 23, 2022",$4.34,16402,71185,1116590,"Jun 27, 2022, 07:00 PM",sell
52,GULTU,Gulf Coast Ultra Deep Royalty Trust,SUBIN NEIL S,10% Owner,"Jun 23, 2022",$0.05,7637,384,2269223,"Jun 27, 2022, 06:20 PM",sell
53,GULTU,Gulf Coast Ultra Deep Royalty Trust,SUBIN NEIL S,10% Owner,"Jun 23, 2022",$0.05,852,43,253123,"Jun 27, 2022, 06:20 PM",sell
54,GULTU,Gulf Coast Ultra Deep Royalty Trust,SUBIN NEIL S,10% Owner,"Jun 24, 2022",$0.05,25,1,33711357,"Jun 27, 2022, 06:20 PM",sell
55,GULTU,Gulf Coast Ultra Deep Royalty Trust,SUBIN NEIL S,10% Owner,"Jun 23, 2022",$0.05,12065,607,3584804,"Jun 27, 2022, 06:20 PM",sell
56,GULTU,Gulf Coast Ultra Deep Royalty Trust,SUBIN NEIL S,10% Owner,"Jun 23, 2022",$0.05,2629,132,781217,"Jun 27, 2022, 06:20 PM",sell
57,GULTU,Gulf Coast Ultra Deep Royalty Trust,SUBIN NEIL S,10% Owner,"Jun 23, 2022",$0.05,597,30,177434,"Jun 27, 2022, 06:20 PM",sell
58,GULTU,Gulf Coast Ultra Deep Royalty Trust,SUBIN NEIL S,10% Owner,"Jun 23, 2022",$0.05,113460,5707,33711382,"Jun 27, 2022, 06:20 PM",sell
59,GULTU,Gulf Coast Ultra Deep Royalty Trust,SUBIN NEIL S,10% Owner,"Jun 23, 2022",$0.05,2629,132,781217,"Jun 27, 2022, 06:20 PM",sell
60,GULTU,Gulf Coast Ultra Deep Royalty Trust,SUBIN NEIL S,10% Owner,"Jun 23, 2022",$0.05,751,38,223186,"Jun 27, 2022, 06:20 PM",sell
61,GULTU,Gulf Coast Ultra Deep Royalty Trust,SUBIN NEIL S,10% Owner,"Jun 23, 2022",$0.05,5259,265,1562434,"Jun 27, 2022, 06:20 PM",sell
62,GULTU,Gulf Coast Ultra Deep Royalty Trust,SUBIN NEIL S,10% Owner,"Jun 23, 2022",$0.05,851,43,252884,"Jun 27, 2022, 06:20 PM",sell
63,VEEV,VEEVA SYSTEMS INC,Cabral Timothy S,Director,"Jun 23, 2022",$200.03,5000,1000151,113114,"Jun 27, 2022, 06:18 PM",sell
64,ENPH,"Enphase Energy, Inc.",Kothandaraman Badrinarayanan,President & CEO,"Jun 23, 2022",$200.00,38650,7730000,1059051,"Jun 27, 2022, 06:09 PM",sell
65,DG,DOLLAR GENERAL CORP,ELLIOTT ANITA C,SVP & Chief Accounting Officer,"Jun 24, 2022",$247.11,5000,1235562,16279,"Jun 27, 2022, 05:57 PM",sell
66,PRT,PermRock Royalty Trust,"Boaz Energy II, LLC",10% Owner,"Jun 27, 2022",$8.25,5000,41272,5756675,"Jun 27, 2022, 05:43 PM",sell
67,MATX,"Matson, Inc.",Kinney Richard S,Senior Vice President,"Jun 24, 2022",$72.51,470,34080,9310,"Jun 27, 2022, 05:27 PM",sell
68,TYME,"TYME TECHNOLOGIES, INC.",Demurjian Michael,10% Owner,"Jun 27, 2022",$0.26,60000,15732,23108846,"Jun 27, 2022, 05:23 PM",sell
69,IBKR,"Interactive Brokers Group, Inc.",Peterffy Thomas,Chairman,"Jun 24, 2022",$57.66,20000,1153200,2067511,"Jun 27, 2022, 05:23 PM",sell
70,IBKR,"Interactive Brokers Group, Inc.",Peterffy Thomas,Chairman,"Jun 23, 2022",$56.80,20000,1135928,2094711,"Jun 27, 2022, 05:23 PM",sell
71,FLYW,Flywire Corp,Riese Phillip John,Director,"Jun 23, 2022",$18.78,5000,93911,19137,"Jun 27, 2022, 05:12 PM",sell
72,MRNA,"Moderna, Inc.",Hoge Stephen,President,"Jun 24, 2022",$143.98,5000,719900,1624231,"Jun 27, 2022, 05:11 PM",sell
73,MRNA,"Moderna, Inc.",Hoge Stephen,President,"Jun 23, 2022",$135.96,5000,679800,1624231,"Jun 27, 2022, 05:11 PM",sell
74,GMGI,"Golden Matrix Group, Inc.",MCCHESNEY THOMAS,Director,"Jun 23, 2022",$4.80,3870,18576,166397,"Jun 27, 2022, 05:08 PM",sell
75,Z AND ZG,"ZILLOW GROUP, INC.",Wacksman Jeremy,Chief Operating Officer,"Jun 24, 2022",$35.00,4785,167475,43132,"Jun 27, 2022, 05:07 PM",sell
76,MASS,908 Devices Inc.,Griffith Joseph H. IV,Chief Financial Officer,"Jun 27, 2022",$19.08,5059,96526,91580,"Jun 27, 2022, 05:00 PM",sell
77,MASS,908 Devices Inc.,Griffith Joseph H. IV,Chief Financial Officer,"Jun 24, 2022",$19.13,13129,251158,91580,"Jun 27, 2022, 05:00 PM",sell
78,MASS,908 Devices Inc.,Turner Michael S.,"VP, General Counsel","Jun 23, 2022",$17.90,10000,179000,5000,"Jun 27, 2022, 05:00 PM",sell
79,CXM,"Sprinklr, Inc.",Singh Pavitar,Chief Technology Officer,"Jun 24, 2022",$11.52,25000,288000,269738,"Jun 27, 2022, 04:57 PM",sell
80,JBL,JABIL INC,Creadon Gerald,"SVP, Operations","Jun 24, 2022",$54.76,3703,202775,46166,"Jun 27, 2022, 04:50 PM",sell
81,TTMI,TTM TECHNOLOGIES INC,SANCHEZ TONY,"VP, Corporate Controller","Jun 23, 2022",$12.13,4832,58608,21749,"Jun 27, 2022, 04:48 PM",sell
82,TTMI,TTM TECHNOLOGIES INC,Titterton Philip,EVP & COO,"Jun 23, 2022",$12.13,12990,157545,87196,"Jun 27, 2022, 04:47 PM",sell
83,DXCM,DEXCOM INC,Pacelli Steven Robert,EVP Managing Director Dexcom V,"Jun 23, 2022",$72.55,1000,72550,139700,"Jun 27, 2022, 04:46 PM",sell
84,PARR,"PAR PACIFIC HOLDINGS, INC.",CHAI TRUST CO LLC,10% Owner,"Jun 23, 2022",$15.59,50000,779656,2678464,"Jun 27, 2022, 04:35 PM",sell
85,PARR,"PAR PACIFIC HOLDINGS, INC.",CHAI TRUST CO LLC,10% Owner,"Jun 24, 2022",$15.76,50000,787785,2627351,"Jun 27, 2022, 04:35 PM",sell
86,IMKTA,INGLES MARKETS INC,Ingle Sharp Laura,Director,"Jun 24, 2022",$88.10,500,44050,5500,"Jun 27, 2022, 04:31 PM",sell
87,UNH,UNITEDHEALTH GROUP INC,McSweeney Erin,EVP Chief People Officer,"Jun 23, 2022",$499.00,1273,635227,8104,"Jun 27, 2022, 04:30 PM",sell
88,UNH,UNITEDHEALTH GROUP INC,McSweeney Erin,EVP Chief People Officer,"Jun 24, 2022",$492.75,1,493,8103,"Jun 27, 2022, 04:30 PM",sell
89,BSX,BOSTON SCIENTIFIC CORP,Carruthers Wendy,"EVP, Human Resources","Jun 24, 2022",$38.00,7500,285000,132413,"Jun 27, 2022, 04:27 PM",sell
90,ONTF,ON24 INC.,Vattuone Steven,Chief Financial Officer,"Jun 24, 2022",$12.04,1262,15191,226176,"Jun 27, 2022, 04:26 PM",sell
91,ONTF,ON24 INC.,Vattuone Steven,Chief Financial Officer,"Jun 23, 2022",$12.02,2892,34760,227438,"Jun 27, 2022, 04:26 PM",sell
92,INTU,INTUIT INC,Vazquez Raul,Director,"Jun 23, 2022",$390.36,1790,698753,2019,"Jun 27, 2022, 04:23 PM",sell
93,INTU,INTUIT INC,FENNELL LAURA A,"EVP, People and Places","Jun 23, 2022",$392.39,10000,3923882,32957,"Jun 27, 2022, 04:22 PM",sell
94,HP,"Helmerich & Payne, Inc.",Adams Raymond John III,"SVP SALES, MARKETING & DIGITAL","Jun 24, 2022",$40.00,1500,60000,54399,"Jun 27, 2022, 04:19 PM",sell
95,FDS,FACTSET RESEARCH SYSTEMS INC,ZIMMEL JOSEPH,Director,"Jun 24, 2022",$390.62,1000,390620,1542,"Jun 27, 2022, 04:16 PM",sell
96,PD,"PagerDuty, Inc.",Justice Dave,Chief Revenue Officer,"Jun 24, 2022",$27.88,1406,39198,449940,"Jun 27, 2022, 04:09 PM",sell
97,PD,"PagerDuty, Inc.",Justice Dave,Chief Revenue Officer,"Jun 23, 2022",$26.61,1406,37413,452552,"Jun 27, 2022, 04:09 PM",sell
98,AMED,AMEDISYS INC,Bohnert Denise M.,Chief Compliance Officer,"Jun 23, 2022",$115.00,557,64055,11850,"Jun 27, 2022, 04:08 PM",sell
99,EXTR,EXTREME NETWORKS INC,Thomas Remi,EVP Chief Financial Officer,"Jun 23, 2022",$8.75,10000,87500,104454,"Jun 27, 2022, 04:07 PM",sell
100,PKI,PERKINELMER INC,Mock James M,Please See Remarks,"Jun 24, 2022",$145.49,5025,731092,30530,"Jun 27, 2022, 04:05 PM",sell
101,GOEV,Canoo Inc.,Ruiz Hector M.,"GENERAL COUNSEL, CORP SECY","Jun 23, 2022",$2.36,4063,9589,273746,"Jun 27, 2022, 04:03 PM",sell
102,LAMR,LAMAR ADVERTISING CO/NEW,REILLY ANNA,Director,"Jun 23, 2022",$90.17,10000,901666,145928,"Jun 27, 2022, 04:02 PM",sell
103,GOEV,Canoo Inc.,MURTHY RAMESH,"SVP, ICFO and CAO","Jun 23, 2022",$2.36,749,1768,281170,"Jun 27, 2022, 04:02 PM",sell
104,FULO,FULLNET COMMUNICATIONS INC,KILKENNY TIMOTHY J,Chairman of the Board,"Jun 23, 2022",$0.29,30433,8916,3636389,"Jun 27, 2022, 03:42 PM",sell
105,OPOF,OLD POINT FINANCIAL CORP,Friedman Martin S.,10% Owner,"Jun 23, 2022",$24.80,15000,372000,497121,"Jun 27, 2022, 02:21 PM",sell
106,LLY,ELI LILLY & Co,LILLY ENDOWMENT INC,10% Owner,"Jun 24, 2022",$324.31,215000,69726324,104404011,"Jun 27, 2022, 01:45 PM",sell
